subject_id,swiss cheese score, parent CTX image, center latitude, center longitude
1320528,1.000,"P13_006005_0947_XN_85S015W",-86.32,355.10
1320615,1.000,"P13_006005_0947_XN_85S015W",-85.39,345.54
1320728,1.000,"P13_006005_0947_XN_85S015W",-86.34,359.96
1491818,1.000,"G14_023835_0906_XN_89S050W",-89.36,342.33
1491849,1.000,"G14_023835_0906_XN_89S050W",-89.14,300.68
1040008,1.000,"G14_023833_0926_XN_87S017W",-87.75,346.66
1040047,1.000,"G14_023833_0926_XN_87S017W",-87.38,342.37
1040089,1.000,"P13_006123_0953_XN_84S001W",-86.26,9.46
1040272,1.000,"P13_006123_0953_XN_84S001W",-85.75,5.97
1040357,1.000,"P13_006123_0953_XN_84S001W",-85.81,7.70
1040528,1.000,"P13_006123_0953_XN_84S001W",-85.86,10.72
1042104,1.000,"P13_006176_0935_XN_86S350W",-87.08,18.14
1042123,1.000,"P13_006176_0935_XN_86S350W",-86.32,3.00
1042145,1.000,"P13_006176_0935_XN_86S350W",-86.77,12.48
1043470,1.000,"D14_032682_0925_XN_87S066W",-87.86,300.29
1042173,1.000,"P13_006176_0935_XN_86S350W",-86.94,18.56
484026,1.000,"P13_005941_0947_XI_85S065W",-85.55,296.96
1042208,1.000,"P13_006176_0935_XN_86S350W",-86.85,18.29
484177,1.000,"P13_005941_0947_XI_85S065W",-84.74,291.76
1042284,1.000,"P13_006176_0935_XN_86S350W",-86.45,12.90
487245,1.000,"P13_006229_0951_XN_84S014W",-86.60,3.47
1043426,1.000,"D14_032682_0925_XN_87S066W",-87.93,294.22
487507,1.000,"P13_006229_0951_XN_84S014W",-86.41,4.81
1043446,1.000,"D14_032682_0925_XN_87S066W",-87.63,292.12
487597,1.000,"P13_006167_0931_XN_86S092W",-86.94,260.67
1043473,1.000,"D14_032682_0925_XN_87S066W",-87.71,297.63
487647,1.000,"P13_006167_0931_XN_86S092W",-86.81,263.68
1044309,1.000,"D14_032666_0916_XN_88S350W",-88.32,359.98
1039953,1.000,"G14_023794_0952_XN_84S061W",-85.23,299.07
1044473,1.000,"D14_032666_0916_XN_88S350W",-88.34,12.70
1319727,1.000,"G15_023927_0932_XI_86S057W",-87.07,304.40
1319750,1.000,"G15_023927_0932_XI_86S057W",-86.93,304.60
1319772,1.000,"G15_023927_0932_XI_86S057W",-86.82,305.75
1320411,1.000,"P13_006005_0947_XN_85S015W",-85.50,343.50
1320535,1.000,"P13_006005_0947_XN_85S015W",-86.00,350.80
1320662,1.000,"P13_006005_0947_XN_85S015W",-86.31,357.87
1320730,1.000,"P13_006005_0947_XN_85S015W",-86.26,358.55
1491827,1.000,"G14_023835_0906_XN_89S050W",-89.29,294.99
1491850,1.000,"G14_023835_0906_XN_89S050W",-89.12,297.14
1039964,1.000,"G14_023794_0952_XN_84S061W",-85.20,299.80
1040023,1.000,"G14_023833_0926_XN_87S017W",-87.56,342.73
1040050,1.000,"G14_023833_0926_XN_87S017W",-87.27,339.33
1040099,1.000,"P13_006123_0953_XN_84S001W",-85.78,4.05
1040273,1.000,"P13_006123_0953_XN_84S001W",-85.71,5.48
1040359,1.000,"P13_006123_0953_XN_84S001W",-85.71,6.68
1040781,1.000,"D14_032510_0963_XN_83S054W",-83.97,304.59
1042107,1.000,"P13_006176_0935_XN_86S350W",-86.98,15.27
1042131,1.000,"P13_006176_0935_XN_86S350W",-85.94,358.45
1042146,1.000,"P13_006176_0935_XN_86S350W",-86.74,11.66
483824,1.000,"P13_005941_0947_XI_85S065W",-85.58,294.01
1042176,1.000,"P13_006176_0935_XN_86S350W",-86.83,15.80
484037,1.000,"P13_005941_0947_XI_85S065W",-85.02,292.09
1042212,1.000,"P13_006176_0935_XN_86S350W",-86.71,14.76
487066,1.000,"P13_006229_0951_XN_84S014W",-86.89,6.11
1042299,1.000,"P13_006176_0935_XN_86S350W",-85.82,3.08
487272,1.000,"P13_006229_0951_XN_84S014W",-85.35,348.00
1043427,1.000,"D14_032682_0925_XN_87S066W",-87.88,293.39
487518,1.000,"P13_006229_0951_XN_84S014W",-85.95,357.52
1043453,1.000,"D14_032682_0925_XN_87S066W",-87.25,288.00
487602,1.000,"P13_006167_0931_XN_86S092W",-87.25,273.78
1043474,1.000,"D14_032682_0925_XN_87S066W",-87.66,296.81
487658,1.000,"P13_006167_0931_XN_86S092W",-86.94,270.07
1044313,1.000,"D14_032666_0916_XN_88S350W",-88.83,13.04
1039955,1.000,"G14_023794_0952_XN_84S061W",-85.12,298.46
1044479,1.000,"D14_032666_0916_XN_88S350W",-88.29,11.66
1319728,1.000,"G15_023927_0932_XI_86S057W",-87.04,303.37
1319752,1.000,"G15_023927_0932_XI_86S057W",-86.87,302.65
1319773,1.000,"G15_023927_0932_XI_86S057W",-86.79,304.79
1320414,1.000,"P13_006005_0947_XN_85S015W",-85.34,342.27
1320425,1.000,"P13_006005_0947_XN_85S015W",-84.76,338.38
1320536,1.000,"P13_006005_0947_XN_85S015W",-85.96,350.24
1320665,1.000,"P13_006005_0947_XN_85S015W",-86.18,355.86
1320731,1.000,"P13_006005_0947_XN_85S015W",-86.22,357.86
1491829,1.000,"G14_023835_0906_XN_89S050W",-89.28,340.41
1501104,1.000,"D14_032523_0954_XN_84S045W",-84.70,313.04
1039965,1.000,"G14_023794_0952_XN_84S061W",-85.15,299.49
1040024,1.000,"G14_023833_0926_XN_87S017W",-87.52,341.61
1040052,1.000,"G14_023833_0926_XN_87S017W",-87.53,350.04
1040164,1.000,"P13_006123_0953_XN_84S001W",-86.73,18.70
1040347,1.000,"P13_006123_0953_XN_84S001W",-86.26,13.59
1040433,1.000,"P13_006123_0953_XN_84S001W",-86.26,14.96
1040786,1.000,"D14_032510_0963_XN_83S054W",-83.70,303.43
1042109,1.000,"P13_006176_0935_XN_86S350W",-86.90,13.46
1042133,1.000,"P13_006176_0935_XN_86S350W",-87.18,24.02
1042148,1.000,"P13_006176_0935_XN_86S350W",-86.66,10.06
483861,1.000,"P13_005941_0947_XI_85S065W",-86.85,315.57
1042179,1.000,"P13_006176_0935_XN_86S350W",-86.72,13.21
484073,1.000,"P13_005941_0947_XI_85S065W",-86.41,310.70
1042216,1.000,"P13_006176_0935_XN_86S350W",-86.56,11.52
487067,1.000,"P13_006229_0951_XN_84S014W",-86.85,5.24
1042978,1.000,"G14_023728_0958_XI_84S057W",-84.22,301.58
487273,1.000,"P13_006229_0951_XN_84S014W",-85.30,347.59
1043428,1.000,"D14_032682_0925_XN_87S066W",-87.83,292.60
487519,1.000,"P13_006229_0951_XN_84S014W",-85.90,356.94
1043454,1.000,"D14_032682_0925_XN_87S066W",-87.19,287.51
487603,1.000,"P13_006167_0931_XN_86S092W",-87.23,272.63
1043492,1.000,"D14_032682_0925_XN_87S066W",-87.47,296.01
487660,1.000,"P13_006167_0931_XN_86S092W",-86.88,268.08
1044325,1.000,"D14_032666_0916_XN_88S350W",-88.68,9.02
1044490,1.000,"D14_032666_0916_XN_88S350W",-88.19,9.74
1319731,1.000,"G15_023927_0932_XI_86S057W",-86.95,300.41
1319754,1.000,"G15_023927_0932_XI_86S057W",-86.81,300.78
1319781,1.000,"G15_023927_0932_XI_86S057W",-86.81,308.23
1320456,1.000,"P13_006005_0947_XN_85S015W",-86.54,357.15
1320548,1.000,"P13_006005_0947_XN_85S015W",-85.37,344.44
1320681,1.000,"P13_006005_0947_XN_85S015W",-85.45,347.10
1320733,1.000,"P13_006005_0947_XN_85S015W",-86.14,356.53
1491839,1.000,"G14_023835_0906_XN_89S050W",-89.19,294.37
1501124,1.000,"D14_032523_0954_XN_84S045W",-84.74,314.92
1039966,1.000,"G14_023794_0952_XN_84S061W",-85.09,299.18
1040032,1.000,"G14_023833_0926_XN_87S017W",-87.58,345.98
1040063,1.000,"G14_023833_0926_XN_87S017W",-87.47,350.78
1040166,1.000,"P13_006123_0953_XN_84S001W",-86.65,17.11
1040349,1.000,"P13_006123_0953_XN_84S001W",-86.17,12.30
1040441,1.000,"P13_006123_0953_XN_84S001W",-85.90,10.03
1040805,1.000,"D14_032510_0963_XN_83S054W",-83.81,305.23
1042111,1.000,"P13_006176_0935_XN_86S350W",-86.82,11.74
1042134,1.000,"P13_006176_0935_XN_86S350W",-87.15,22.94
1042151,1.000,"P13_006176_0935_XN_86S350W",-86.53,7.81
483890,1.000,"P13_005941_0947_XI_85S065W",-85.63,295.63
1042181,1.000,"P13_006176_0935_XN_86S350W",-86.65,11.59
484074,1.000,"P13_005941_0947_XI_85S065W",-86.37,309.94
1042219,1.000,"P13_006176_0935_XN_86S350W",-86.44,9.28
487070,1.000,"P13_006229_0951_XN_84S014W",-86.73,2.77
1042995,1.000,"G14_023728_0958_XI_84S057W",-84.35,302.99
487330,1.000,"P13_006229_0951_XN_84S014W",-86.62,5.77
1043430,1.000,"D14_032682_0925_XN_87S066W",-87.72,291.14
487520,1.000,"P13_006229_0951_XN_84S014W",-85.86,356.37
1043456,1.000,"D14_032682_0925_XN_87S066W",-87.85,297.73
487610,1.000,"P13_006167_0931_XN_86S092W",-87.02,265.18
1043506,1.000,"D14_032682_0925_XN_87S066W",-87.48,298.14
487668,1.000,"P13_006167_0931_XN_86S092W",-86.62,260.88
1044377,1.000,"D14_032666_0916_XN_88S350W",-88.53,9.73
1044529,1.000,"D14_032666_0916_XN_88S350W",-88.30,14.87
1319733,1.000,"G15_023927_0932_XI_86S057W",-86.88,298.54
1319756,1.000,"G15_023927_0932_XI_86S057W",-86.74,298.98
1319788,1.000,"G15_023927_0932_XI_86S057W",-86.61,301.72
1320465,1.000,"P13_006005_0947_XN_85S015W",-86.14,351.23
1320558,1.000,"P13_006005_0947_XN_85S015W",-84.86,340.62
1320682,1.000,"P13_006005_0947_XN_85S015W",-85.40,346.64
1491799,1.000,"G14_023835_0906_XN_89S050W",-89.57,326.00
1491843,1.000,"G14_023835_0906_XN_89S050W",-89.22,325.80
1501125,1.000,"D14_032523_0954_XN_84S045W",-84.69,314.60
1039981,1.000,"G14_023794_0952_XN_84S061W",-84.84,298.70
1040037,1.000,"G14_023833_0926_XN_87S017W",-87.40,340.41
1040075,1.000,"P13_006123_0953_XN_84S001W",-86.86,19.63
1040186,1.000,"P13_006123_0953_XN_84S001W",-85.75,4.76
1040350,1.000,"P13_006123_0953_XN_84S001W",-86.13,11.68
1040444,1.000,"P13_006123_0953_XN_84S001W",-85.77,8.40
1040809,1.000,"D14_032510_0963_XN_83S054W",-83.59,304.29
1042118,1.000,"P13_006176_0935_XN_86S350W",-86.54,6.33
1042136,1.000,"P13_006176_0935_XN_86S350W",-87.09,20.85
1042157,1.000,"P13_006176_0935_XN_86S350W",-86.27,3.76
483951,1.000,"P13_005941_0947_XI_85S065W",-85.92,300.02
1042183,1.000,"P13_006176_0935_XN_86S350W",-86.57,10.03
484096,1.000,"P13_005941_0947_XI_85S065W",-85.42,296.63
1042253,1.000,"P13_006176_0935_XN_86S350W",-86.39,9.99
487080,1.000,"P13_006229_0951_XN_84S014W",-86.30,355.73
1043019,1.000,"G14_023728_0958_XI_84S057W",-84.27,303.30
487337,1.000,"P13_006229_0951_XN_84S014W",-86.34,0.56
1043436,1.000,"D14_032682_0925_XN_87S066W",-87.39,287.55
487584,1.000,"P13_006167_0931_XN_86S092W",-87.34,274.41
1043457,1.000,"D14_032682_0925_XN_87S066W",-87.80,296.86
487611,1.000,"P13_006167_0931_XN_86S092W",-86.99,264.20
1043507,1.000,"D14_032682_0925_XN_87S066W",-87.43,297.38
487673,1.000,"P13_006167_0931_XN_86S092W",-86.94,272.65
1044381,1.000,"D14_032666_0916_XN_88S350W",-88.48,8.68
1044543,1.000,"D14_032666_0916_XN_88S350W",-88.15,11.87
1319734,1.000,"G15_023927_0932_XI_86S057W",-86.84,297.64
1319759,1.000,"G15_023927_0932_XI_86S057W",-86.93,307.18
1320380,1.000,"P13_006005_0947_XN_85S015W",-86.90,2.87
1320478,1.000,"P13_006005_0947_XN_85S015W",-85.51,344.62
1320589,1.000,"P13_006005_0947_XN_85S015W",-86.56,0.85
1320722,1.000,"P13_006005_0947_XN_85S015W",-86.57,4.59
1491801,1.000,"G14_023835_0906_XN_89S050W",-89.55,310.39
1491844,1.000,"G14_023835_0906_XN_89S050W",-89.22,321.35
1501139,1.000,"D14_032523_0954_XN_84S045W",-84.50,314.26
1039983,1.000,"G14_023794_0952_XN_84S061W",-84.73,298.15
1040041,1.000,"G14_023833_0926_XN_87S017W",-87.59,349.26
1040076,1.000,"P13_006123_0953_XN_84S001W",-86.82,18.78
1040251,1.000,"P13_006123_0953_XN_84S001W",-86.68,19.44
1040352,1.000,"P13_006123_0953_XN_84S001W",-86.04,10.48
1040446,1.000,"P13_006123_0953_XN_84S001W",-85.67,7.37
1040821,1.000,"D14_032510_0963_XN_83S054W",-83.50,304.60
1042120,1.000,"P13_006176_0935_XN_86S350W",-86.45,4.95
1042137,1.000,"P13_006176_0935_XN_86S350W",-87.06,19.83
1042162,1.000,"P13_006176_0935_XN_86S350W",-86.04,0.80
483952,1.000,"P13_005941_0947_XI_85S065W",-85.88,299.46
1042185,1.000,"P13_006176_0935_XN_86S350W",-86.48,8.55
484098,1.000,"P13_005941_0947_XI_85S065W",-85.32,295.70
1042254,1.000,"P13_006176_0935_XN_86S350W",-86.35,9.27
487150,1.000,"P13_006229_0951_XN_84S014W",-86.95,9.55
1043024,1.000,"G14_023728_0958_XI_84S057W",-84.05,302.22
487343,1.000,"P13_006229_0951_XN_84S014W",-86.08,356.72
1043442,1.000,"D14_032682_0925_XN_87S066W",-87.84,295.16
487587,1.000,"P13_006167_0931_XN_86S092W",-87.26,270.90
1043464,1.000,"D14_032682_0925_XN_87S066W",-87.44,291.71
487618,1.000,"P13_006167_0931_XN_86S092W",-87.22,275.47
1043510,1.000,"D14_032682_0925_XN_87S066W",-87.28,295.29
487675,1.000,"P13_006167_0931_XN_86S092W",-86.88,270.62
1044433,1.000,"D14_032666_0916_XN_88S350W",-88.33,9.28
1070705,1.000,"D14_032790_0933_XN_86S110W",-86.84,251.53
1319735,1.000,"G15_023927_0932_XI_86S057W",-86.81,296.75
1319763,1.000,"G15_023927_0932_XI_86S057W",-86.81,303.26
1320383,1.000,"P13_006005_0947_XN_85S015W",-86.79,0.29
1320491,1.000,"P13_006005_0947_XN_85S015W",-84.84,339.65
1320594,1.000,"P13_006005_0947_XN_85S015W",-86.36,357.17
1320723,1.000,"P13_006005_0947_XN_85S015W",-86.53,3.78
1491809,1.000,"G14_023835_0906_XN_89S050W",-89.47,332.51
1491845,1.000,"G14_023835_0906_XN_89S050W",-89.21,316.95
1501140,1.000,"D14_032523_0954_XN_84S045W",-84.45,313.95
1039995,1.000,"G14_023794_0952_XN_84S061W",-84.65,298.54
1040042,1.000,"G14_023833_0926_XN_87S017W",-87.55,348.03
1040083,1.000,"P13_006123_0953_XN_84S001W",-86.53,13.39
1040255,1.000,"P13_006123_0953_XN_84S001W",-86.52,16.34
1040354,1.000,"P13_006123_0953_XN_84S001W",-85.95,9.33
1040447,1.000,"P13_006123_0953_XN_84S001W",-85.63,6.87
1040830,1.000,"D14_032510_0963_XN_83S054W",-83.59,305.60
1042121,1.000,"P13_006176_0935_XN_86S350W",-86.41,4.29
1042139,1.000,"P13_006176_0935_XN_86S350W",-86.99,17.87
483803,1.000,"P13_005941_0947_XI_85S065W",-86.53,306.51
1042166,1.000,"P13_006176_0935_XN_86S350W",-85.85,358.67
484021,1.000,"P13_005941_0947_XI_85S065W",-85.79,299.57
1042187,1.000,"P13_006176_0935_XN_86S350W",-86.40,7.14
484106,1.000,"P13_005941_0947_XI_85S065W",-84.93,292.31
1042273,1.000,"P13_006176_0935_XN_86S350W",-86.83,22.36
487185,1.000,"P13_006229_0951_XN_84S014W",-85.39,347.32
1043049,1.000,"G14_023728_0958_XI_84S057W",-83.96,302.52
487347,1.000,"P13_006229_0951_XN_84S014W",-85.90,354.43
1043444,1.000,"D14_032682_0925_XN_87S066W",-87.74,293.58
487589,1.000,"P13_006167_0931_XN_86S092W",-87.20,268.67
1043466,1.000,"D14_032682_0925_XN_87S066W",-87.33,290.53
487620,1.000,"P13_006167_0931_XN_86S092W",-87.17,273.19
1044277,1.000,"D14_032666_0916_XN_88S350W",-88.71,5.75
487677,1.000,"P13_006167_0931_XN_86S092W",-86.83,268.66
1044461,1.000,"D14_032666_0916_XN_88S350W",-88.50,16.12
1070706,1.000,"D14_032790_0933_XN_86S110W",-86.80,250.63
1319745,1.000,"G15_023927_0932_XI_86S057W",-86.79,298.32
1319769,1.000,"G15_023927_0932_XI_86S057W",-86.90,308.73
1320386,1.000,"P13_006005_0947_XN_85S015W",-86.67,357.90
1320526,1.000,"P13_006005_0947_XN_85S015W",-86.40,356.46
1320599,1.000,"P13_006005_0947_XN_85S015W",-86.14,353.89
1320725,1.000,"P13_006005_0947_XN_85S015W",-86.46,2.20
1491817,1.000,"G14_023835_0906_XN_89S050W",-89.33,286.74
1491847,1.000,"G14_023835_0906_XN_89S050W",-89.19,308.49
1040006,1.000,"G14_023794_0952_XN_84S061W",-84.62,299.19
1040046,1.000,"G14_023833_0926_XN_87S017W",-87.42,343.44
1040084,1.000,"P13_006123_0953_XN_84S001W",-86.49,12.70
1040268,1.000,"P13_006123_0953_XN_84S001W",-85.94,8.06
1040356,1.000,"P13_006123_0953_XN_84S001W",-85.86,8.23
1040526,1.000,"P13_006123_0953_XN_84S001W",-85.95,11.87
1042102,1.000,"P13_006176_0935_XN_86S350W",-87.14,20.17
1042122,1.000,"P13_006176_0935_XN_86S350W",-86.36,3.64
1042141,1.000,"P13_006176_0935_XN_86S350W",-86.92,15.99
1043448,1.000,"D14_032682_0925_XN_87S066W",-87.53,290.81
1042170,1.000,"P13_006176_0935_XN_86S350W",-87.03,21.50
484022,1.000,"P13_005941_0947_XI_85S065W",-85.74,299.03
1042200,1.000,"P13_006176_0935_XN_86S350W",-85.81,359.39
484157,1.000,"P13_005941_0947_XI_85S065W",-85.70,300.86
1042276,1.000,"P13_006176_0935_XN_86S350W",-86.74,19.57
487186,1.000,"P13_006229_0951_XN_84S014W",-85.34,346.91
1043425,1.000,"D14_032682_0925_XN_87S066W",-87.99,295.08
487420,1.000,"P13_006229_0951_XN_84S014W",-86.46,4.14
1043445,1.000,"D14_032682_0925_XN_87S066W",-87.69,292.84
487595,1.000,"P13_006167_0931_XN_86S092W",-87.01,262.54
1043469,1.000,"D14_032682_0925_XN_87S066W",-87.16,288.91
487628,1.000,"P13_006167_0931_XN_86S092W",-86.94,264.88
1044306,1.000,"D14_032666_0916_XN_88S350W",-88.37,0.64
488739,1.000,"G14_023807_0886_XN_88S313W",-88.61,40.44
1044470,1.000,"D14_032666_0916_XN_88S350W",-88.40,13.78
1070712,1.000,"D14_032790_0933_XN_86S110W",-86.75,251.31
1319747,1.000,"G15_023927_0932_XI_86S057W",-87.02,307.66
1319770,1.000,"G15_023927_0932_XI_86S057W",-86.87,307.72
1320400,1.000,"P13_006005_0947_XN_85S015W",-86.04,348.80
1320481,0.999,"P13_006005_0947_XN_85S015W",-85.36,343.35
483937,0.999,"P13_005941_0947_XI_85S065W",-86.51,309.41
483822,0.997,"P13_005941_0947_XI_85S065W",-85.67,294.96
483889,0.994,"P13_005941_0947_XI_85S065W",-85.68,296.13
484142,0.993,"P13_005941_0947_XI_85S065W",-86.32,310.56
484162,0.993,"P13_005941_0947_XI_85S065W",-85.47,298.24
483804,0.992,"P13_005941_0947_XI_85S065W",-86.49,305.77
1040793,0.992,"D14_032510_0963_XN_83S054W",-83.89,304.91
484069,0.991,"P13_005941_0947_XI_85S065W",-86.55,313.91
483869,0.991,"P13_005941_0947_XI_85S065W",-86.56,308.73
483868,0.991,"P13_005941_0947_XI_85S065W",-86.60,309.52
483883,0.991,"P13_005941_0947_XI_85S065W",-85.96,299.34
484165,0.991,"P13_005941_0947_XI_85S065W",-85.33,296.79
483876,0.990,"P13_005941_0947_XI_85S065W",-86.27,303.67
484030,0.990,"P13_005941_0947_XI_85S065W",-85.36,295.06
483956,0.990,"P13_005941_0947_XI_85S065W",-85.69,297.31
483940,0.989,"P13_005941_0947_XI_85S065W",-86.39,307.15
483969,0.989,"P13_005941_0947_XI_85S065W",-85.05,291.46
484094,0.988,"P13_005941_0947_XI_85S065W",-85.51,297.61
484155,0.987,"P13_005941_0947_XI_85S065W",-85.79,301.99
483888,0.986,"P13_005941_0947_XI_85S065W",-85.73,296.64
483934,0.986,"P13_005941_0947_XI_85S065W",-86.62,311.82
484032,0.986,"P13_005941_0947_XI_85S065W",-85.26,294.17
483957,0.985,"P13_005941_0947_XI_85S065W",-85.64,296.80
484132,0.985,"P13_005941_0947_XI_85S065W",-86.66,318.84
484009,0.984,"P13_005941_0947_XI_85S065W",-86.30,307.10
484068,0.984,"P13_005941_0947_XI_85S065W",-86.59,314.75
483815,0.984,"P13_005941_0947_XI_85S065W",-86.01,298.65
483805,0.984,"P13_005941_0947_XI_85S065W",-86.45,305.05
484020,0.984,"P13_005941_0947_XI_85S065W",-85.83,300.13
483800,0.984,"P13_005941_0947_XI_85S065W",-86.65,308.84
484164,0.983,"P13_005941_0947_XI_85S065W",-85.38,297.26
483958,0.983,"P13_005941_0947_XI_85S065W",-85.59,296.30
1491812,0.983,"G14_023835_0906_XN_89S050W",-89.46,312.87
1501138,0.983,"D14_032523_0954_XN_84S045W",-84.55,314.57
484166,0.982,"P13_005941_0947_XI_85S065W",-85.28,296.32
484170,0.982,"P13_005941_0947_XI_85S065W",-85.09,294.55
483963,0.981,"P13_005941_0947_XI_85S065W",-85.35,293.97
484075,0.981,"P13_005941_0947_XI_85S065W",-86.33,309.20
484095,0.981,"P13_005941_0947_XI_85S065W",-85.47,297.12
484080,0.980,"P13_005941_0947_XI_85S065W",-86.13,305.69
483954,0.980,"P13_005941_0947_XI_85S065W",-85.78,298.36
484099,0.980,"P13_005941_0947_XI_85S065W",-85.27,295.24
484149,0.979,"P13_005941_0947_XI_85S065W",-86.04,305.66
484008,0.979,"P13_005941_0947_XI_85S065W",-86.34,307.81
483839,0.978,"P13_005941_0947_XI_85S065W",-84.81,288.02
484148,0.978,"P13_005941_0947_XI_85S065W",-86.08,306.32
484145,0.978,"P13_005941_0947_XI_85S065W",-86.20,308.38
483896,0.978,"P13_005941_0947_XI_85S065W",-85.34,292.88
484158,0.977,"P13_005941_0947_XI_85S065W",-85.65,300.32
484137,0.977,"P13_005941_0947_XI_85S065W",-86.50,314.50
483962,0.977,"P13_005941_0947_XI_85S065W",-85.40,294.41
484044,0.976,"P13_005941_0947_XI_85S065W",-84.66,289.50
484154,0.976,"P13_005941_0947_XI_85S065W",-85.83,302.57
484111,0.976,"P13_005941_0947_XI_85S065W",-84.68,290.44
484019,0.975,"P13_005941_0947_XI_85S065W",-85.88,300.70
484025,0.975,"P13_005941_0947_XI_85S065W",-85.60,297.46
484024,0.975,"P13_005941_0947_XI_85S065W",-85.65,297.97
484143,0.975,"P13_005941_0947_XI_85S065W",-86.28,309.82
483807,0.975,"P13_005941_0947_XI_85S065W",-86.36,303.65
483944,0.975,"P13_005941_0947_XI_85S065W",-86.23,304.36
483953,0.974,"P13_005941_0947_XI_85S065W",-85.83,298.90
483799,0.974,"P13_005941_0947_XI_85S065W",-86.69,309.65
484139,0.974,"P13_005941_0947_XI_85S065W",-86.43,312.88
483938,0.974,"P13_005941_0947_XI_85S065W",-86.47,308.64
483814,0.974,"P13_005941_0947_XI_85S065W",-86.05,299.22
483945,0.974,"P13_005941_0947_XI_85S065W",-86.18,303.70
1043449,0.974,"D14_032682_0925_XN_87S066W",-87.47,290.20
487662,0.974,"P13_006167_0931_XN_86S092W",-86.82,266.17
1040173,0.974,"P13_006123_0953_XN_84S001W",-86.35,12.11
484028,0.973,"P13_005941_0947_XI_85S065W",-85.46,295.99
484151,0.973,"P13_005941_0947_XI_85S065W",-85.96,304.39
1320614,0.973,"P13_006005_0947_XN_85S015W",-85.44,345.98
483833,0.973,"P13_005941_0947_XI_85S065W",-85.12,290.20
483932,0.973,"P13_005941_0947_XI_85S065W",-86.69,313.52
484169,0.973,"P13_005941_0947_XI_85S065W",-85.14,294.98
484023,0.973,"P13_005941_0947_XI_85S065W",-85.69,298.50
1501107,0.972,"D14_032523_0954_XN_84S045W",-84.54,312.14
1491815,0.972,"G14_023835_0906_XN_89S050W",-89.40,295.74
487643,0.972,"P13_006167_0931_XN_86S092W",-86.94,267.47
1043465,0.972,"D14_032682_0925_XN_87S066W",-87.38,291.11
483834,0.972,"P13_005941_0947_XI_85S065W",-85.07,289.81
1040796,0.972,"D14_032510_0963_XN_83S054W",-83.73,304.20
484007,0.972,"P13_005941_0947_XI_85S065W",-86.38,308.55
1043435,0.972,"D14_032682_0925_XN_87S066W",-87.45,288.08
484108,0.971,"P13_005941_0947_XI_85S065W",-84.83,291.54
1039967,0.971,"G14_023794_0952_XN_84S061W",-85.04,298.88
1040527,0.971,"P13_006123_0953_XN_84S001W",-85.91,11.29
483832,0.971,"P13_005941_0947_XI_85S065W",-85.17,290.58
1320394,0.971,"P13_006005_0947_XN_85S015W",-86.32,352.33
483941,0.971,"P13_005941_0947_XI_85S065W",-86.35,306.43
1320669,0.971,"P13_006005_0947_XN_85S015W",-86.01,353.37
483942,0.971,"P13_005941_0947_XI_85S065W",-86.31,305.72
483892,0.971,"P13_005941_0947_XI_85S065W",-85.54,294.68
1040811,0.970,"D14_032510_0963_XN_83S054W",-83.48,303.85
484005,0.970,"P13_005941_0947_XI_85S065W",-86.46,310.07
1042147,0.970,"P13_006176_0935_XN_86S350W",-86.70,10.85
1040266,0.970,"P13_006123_0953_XN_84S001W",-86.04,9.18
1320527,0.969,"P13_006005_0947_XN_85S015W",-86.36,355.77
1491825,0.969,"G14_023835_0906_XN_89S050W",-89.35,304.16
1320656,0.969,"P13_006005_0947_XN_85S015W",-86.55,2.33
484067,0.969,"P13_005941_0947_XI_85S065W",-86.62,315.61
484031,0.969,"P13_005941_0947_XI_85S065W",-85.31,294.61
1042207,0.969,"P13_006176_0935_XN_86S350W",-86.88,19.23
484078,0.969,"P13_005941_0947_XI_85S065W",-86.21,307.05
484107,0.968,"P13_005941_0947_XI_85S065W",-84.88,291.92
484010,0.968,"P13_005941_0947_XI_85S065W",-86.26,306.39
1501116,0.968,"D14_032523_0954_XN_84S045W",-84.62,313.35
483906,0.968,"P13_005941_0947_XI_85S065W",-84.83,288.98
487082,0.968,"P13_006229_0951_XN_84S014W",-86.21,354.51
1319744,0.968,"G15_023927_0932_XI_86S057W",-86.83,299.21
1320659,0.968,"P13_006005_0947_XN_85S015W",-86.43,0.03
487078,0.968,"P13_006229_0951_XN_84S014W",-86.39,357.00
484156,0.967,"P13_005941_0947_XI_85S065W",-85.74,301.42
483895,0.967,"P13_005941_0947_XI_85S065W",-85.39,293.31
1043493,0.967,"D14_032682_0925_XN_87S066W",-87.42,295.30
1042811,0.966,"G14_023728_0958_XI_84S057W",-84.60,301.99
483971,0.966,"P13_005941_0947_XI_85S065W",-84.95,290.69
1042196,0.966,"P13_006176_0935_XN_86S350W",-86.00,1.53
483961,0.966,"P13_005941_0947_XI_85S065W",-85.45,294.87
1040787,0.966,"D14_032510_0963_XN_83S054W",-83.64,303.21
1042143,0.965,"P13_006176_0935_XN_86S350W",-86.85,14.20
484100,0.965,"P13_005941_0947_XI_85S065W",-85.23,294.80
1044495,0.965,"D14_032666_0916_XN_88S350W",-88.64,24.59
1040440,0.965,"P13_006123_0953_XN_84S001W",-85.95,10.60
1040807,0.965,"D14_032510_0963_XN_83S054W",-83.70,304.75
1042175,0.965,"P13_006176_0935_XN_86S350W",-86.87,16.70
487640,0.965,"P13_006167_0931_XN_86S092W",-87.03,270.52
1044339,0.965,"D14_032666_0916_XN_88S350W",-88.51,5.86
483955,0.965,"P13_005941_0947_XI_85S065W",-85.74,297.83
1043490,0.965,"D14_032682_0925_XN_87S066W",-87.57,297.51
1044485,0.964,"D14_032666_0916_XN_88S350W",-88.24,10.67
483865,0.964,"P13_005941_0947_XI_85S065W",-86.71,312.00
484029,0.964,"P13_005941_0947_XI_85S065W",-85.41,295.52
1040782,0.964,"D14_032510_0963_XN_83S054W",-83.92,304.35
487064,0.964,"P13_006229_0951_XN_84S014W",-86.97,7.90
1044286,0.963,"D14_032666_0916_XN_88S350W",-88.60,3.77
483893,0.963,"P13_005941_0947_XI_85S065W",-85.49,294.21
1040436,0.963,"P13_006123_0953_XN_84S001W",-86.13,13.01
1042198,0.963,"P13_006176_0935_XN_86S350W",-85.91,0.44
1040082,0.963,"P13_006123_0953_XN_84S001W",-86.57,14.11
1043050,0.963,"G14_023728_0958_XI_84S057W",-83.91,302.26
1040531,0.963,"P13_006123_0953_XN_84S001W",-85.72,9.08
1040025,0.963,"G14_023833_0926_XN_87S017W",-87.49,340.52
1319746,0.963,"G15_023927_0932_XI_86S057W",-86.76,297.44
484089,0.963,"P13_005941_0947_XI_85S065W",-85.74,300.23
483970,0.963,"P13_005941_0947_XI_85S065W",-85.00,291.07
1042132,0.962,"P13_006176_0935_XN_86S350W",-85.89,357.94
484038,0.962,"P13_005941_0947_XI_85S065W",-84.97,291.70
1040064,0.962,"G14_023833_0926_XN_87S017W",-87.44,349.59
1040085,0.962,"P13_006123_0953_XN_84S001W",-86.44,12.02
1042203,0.962,"P13_006176_0935_XN_86S350W",-87.00,23.15
484097,0.962,"P13_005941_0947_XI_85S065W",-85.37,296.16
487498,0.962,"P13_006229_0951_XN_84S014W",-86.73,12.20
1319742,0.962,"G15_023927_0932_XI_86S057W",-86.89,301.07
1040258,0.962,"P13_006123_0953_XN_84S001W",-86.39,14.20
1491836,0.962,"G14_023835_0906_XN_89S050W",-89.27,306.60
1042250,0.962,"P13_006176_0935_XN_86S350W",-86.51,12.22
1040523,0.962,"P13_006123_0953_XN_84S001W",-86.08,13.70
1042239,0.962,"P13_006176_0935_XN_86S350W",-86.89,21.77
1044539,0.962,"D14_032666_0916_XN_88S350W",-88.20,12.83
1501130,0.962,"D14_032523_0954_XN_84S045W",-84.43,313.05
483828,0.962,"P13_005941_0947_XI_85S065W",-85.38,292.23
1320660,0.962,"P13_006005_0947_XN_85S015W",-86.39,359.29
1040445,0.962,"P13_006123_0953_XN_84S001W",-85.72,7.88
484081,0.962,"P13_005941_0947_XI_85S065W",-86.09,305.03
1044408,0.961,"D14_032666_0916_XN_88S350W",-88.64,16.21
1491848,0.961,"G14_023835_0906_XN_89S050W",-89.17,304.49
1039954,0.961,"G14_023794_0952_XN_84S061W",-85.18,298.76
1039942,0.961,"G14_023794_0952_XN_84S061W",-85.26,298.33
487648,0.961,"P13_006167_0931_XN_86S092W",-86.78,262.78
1040797,0.961,"D14_032510_0963_XN_83S054W",-83.67,303.98
1042973,0.961,"G14_023728_0958_XI_84S057W",-84.43,302.66
1040185,0.961,"P13_006123_0953_XN_84S001W",-85.79,5.25
1040184,0.961,"P13_006123_0953_XN_84S001W",-85.84,5.75
1042129,0.961,"P13_006176_0935_XN_86S350W",-86.04,359.51
1040044,0.961,"G14_023833_0926_XN_87S017W",-87.49,345.68
1491794,0.961,"G14_023835_0906_XN_89S050W",-89.50,279.31
1040799,0.960,"D14_032510_0963_XN_83S054W",-83.56,303.53
483870,0.960,"P13_005941_0947_XI_85S065W",-86.52,307.96
1039977,0.960,"G14_023794_0952_XN_84S061W",-85.06,299.89
1042289,0.960,"P13_006176_0935_XN_86S350W",-86.26,9.26
483835,0.960,"P13_005941_0947_XI_85S065W",-85.02,289.44
1319740,0.960,"G15_023927_0932_XI_86S057W",-86.96,303.00
487651,0.960,"P13_006167_0931_XN_86S092W",-86.67,260.20
483793,0.960,"P13_005941_0947_XI_85S065W",-86.90,314.93
1070699,0.960,"D14_032790_0933_XN_86S110W",-86.89,250.84
484039,0.960,"P13_005941_0947_XI_85S065W",-84.91,291.31
1319766,0.960,"G15_023927_0932_XI_86S057W",-86.72,300.51
1320458,0.960,"P13_006005_0947_XN_85S015W",-86.45,355.72
1040344,0.960,"P13_006123_0953_XN_84S001W",-86.39,15.63
1040170,0.960,"P13_006123_0953_XN_84S001W",-86.48,14.15
1042300,0.960,"P13_006176_0935_XN_86S350W",-85.78,2.53
1319757,0.960,"G15_023927_0932_XI_86S057W",-86.70,298.11
1040030,0.960,"G14_023833_0926_XN_87S017W",-87.64,348.43
1042174,0.960,"P13_006176_0935_XN_86S350W",-86.90,17.62
1320655,0.960,"P13_006005_0947_XN_85S015W",-86.58,3.13
1491804,0.959,"G14_023835_0906_XN_89S050W",-89.47,290.92
484168,0.959,"P13_005941_0947_XI_85S065W",-85.19,295.42
483796,0.959,"P13_005941_0947_XI_85S065W",-86.80,312.21
483886,0.959,"P13_005941_0947_XI_85S065W",-85.82,297.68
1501115,0.959,"D14_032523_0954_XN_84S045W",-84.67,313.66
488728,0.959,"G14_023807_0886_XN_88S313W",-88.67,42.08
484150,0.959,"P13_005941_0947_XI_85S065W",-86.00,305.02
487323,0.959,"P13_006229_0951_XN_84S014W",-86.87,11.85
483816,0.959,"P13_005941_0947_XI_85S065W",-85.96,298.09
1501101,0.959,"D14_032523_0954_XN_84S045W",-84.86,314.00
1491814,0.959,"G14_023835_0906_XN_89S050W",-89.43,300.96
1320453,0.959,"P13_006005_0947_XN_85S015W",-86.66,359.42
1042182,0.959,"P13_006176_0935_XN_86S350W",-86.61,10.80
1320666,0.958,"P13_006005_0947_XN_85S015W",-86.14,355.21
1320658,0.958,"P13_006005_0947_XN_85S015W",-86.47,0.78
1040167,0.958,"P13_006123_0953_XN_84S001W",-86.61,16.35
1491834,0.958,"G14_023835_0906_XN_89S050W",-89.30,315.94
1491831,0.958,"G14_023835_0906_XN_89S050W",-89.30,330.80
1044500,0.958,"D14_032666_0916_XN_88S350W",-88.59,22.92
1042275,0.958,"P13_006176_0935_XN_86S350W",-86.77,20.48
1320750,0.958,"P13_006005_0947_XN_85S015W",-85.36,347.29
1042283,0.958,"P13_006176_0935_XN_86S350W",-86.49,13.67
487098,0.958,"P13_006229_0951_XN_84S014W",-85.42,346.63
1040348,0.958,"P13_006123_0953_XN_84S001W",-86.22,12.94
1040819,0.958,"D14_032510_0963_XN_83S054W",-83.61,305.06
1040014,0.958,"G14_023833_0926_XN_87S017W",-87.54,339.53
1070711,0.958,"D14_032790_0933_XN_86S110W",-86.78,252.20
1042288,0.957,"P13_006176_0935_XN_86S350W",-86.30,9.96
1040062,0.957,"G14_023833_0926_XN_87S017W",-87.18,339.26
487624,0.957,"P13_006167_0931_XN_86S092W",-87.06,268.87
487417,0.957,"P13_006229_0951_XN_84S014W",-86.57,6.46
1043443,0.957,"D14_032682_0925_XN_87S066W",-87.79,294.35
487516,0.957,"P13_006229_0951_XN_84S014W",-86.03,358.72
483818,0.957,"P13_005941_0947_XI_85S065W",-85.87,297.00
483864,0.957,"P13_005941_0947_XI_85S065W",-86.75,312.87
1040345,0.957,"P13_006123_0953_XN_84S001W",-86.35,14.93
487641,0.957,"P13_006167_0931_XN_86S092W",-87.00,269.48
484012,0.957,"P13_005941_0947_XI_85S065W",-86.18,305.03
1491826,0.957,"G14_023835_0906_XN_89S050W",-89.32,299.38
1040055,0.957,"G14_023833_0926_XN_87S017W",-87.43,346.51
484076,0.957,"P13_005941_0947_XI_85S065W",-86.29,308.46
484135,0.957,"P13_005941_0947_XI_85S065W",-86.56,316.19
1501113,0.957,"D14_032523_0954_XN_84S045W",-84.78,314.30
487184,0.957,"P13_006229_0951_XN_84S014W",-85.44,347.73
1042204,0.957,"P13_006176_0935_XN_86S350W",-86.97,22.14
1043491,0.957,"D14_032682_0925_XN_87S066W",-87.52,296.75
1043484,0.957,"D14_032682_0925_XN_87S066W",-87.13,290.27
1320590,0.957,"P13_006005_0947_XN_85S015W",-86.52,0.09
487158,0.957,"P13_006229_0951_XN_84S014W",-86.65,2.73
1319743,0.957,"G15_023927_0932_XI_86S057W",-86.86,300.13
487073,0.957,"P13_006229_0951_XN_84S014W",-86.61,0.47
1320652,0.957,"P13_006005_0947_XN_85S015W",-86.69,5.64
1044436,0.957,"D14_032666_0916_XN_88S350W",-88.28,8.35
1044534,0.957,"D14_032666_0916_XN_88S350W",-88.25,13.83
1319761,0.957,"G15_023927_0932_XI_86S057W",-86.87,305.18
483837,0.957,"P13_005941_0947_XI_85S065W",-84.92,288.72
484011,0.957,"P13_005941_0947_XI_85S065W",-86.22,305.70
487517,0.956,"P13_006229_0951_XN_84S014W",-85.99,358.11
1319790,0.956,"G15_023927_0932_XI_86S057W",-86.54,300.00
1319767,0.956,"G15_023927_0932_XI_86S057W",-86.68,299.63
1042812,0.956,"G14_023728_0958_XI_84S057W",-84.55,301.71
1319782,0.956,"G15_023927_0932_XI_86S057W",-86.79,307.25
1320520,0.956,"P13_006005_0947_XN_85S015W",-86.65,0.94
1042178,0.956,"P13_006176_0935_XN_86S350W",-86.76,14.06
1320390,0.956,"P13_006005_0947_XN_85S015W",-86.50,354.98
1042100,0.956,"P13_006176_0935_XN_86S350W",-87.21,22.30
487617,0.956,"P13_006167_0931_XN_86S092W",-86.78,258.77
1319760,0.956,"G15_023927_0932_XI_86S057W",-86.90,306.17
487256,0.956,"P13_006229_0951_XN_84S014W",-86.12,356.00
1320719,0.956,"P13_006005_0947_XN_85S015W",-86.67,7.14
1040788,0.956,"D14_032510_0963_XN_83S054W",-83.59,303.00
1491830,0.956,"G14_023835_0906_XN_89S050W",-89.29,335.68
1042106,0.956,"P13_006176_0935_XN_86S350W",-87.01,16.20
1319774,0.956,"G15_023927_0932_XI_86S057W",-86.76,303.84
1040537,0.956,"P13_006123_0953_XN_84S001W",-85.44,6.10
1501112,0.956,"D14_032523_0954_XN_84S045W",-84.83,314.63
1320547,0.956,"P13_006005_0947_XN_85S015W",-85.42,344.87
487682,0.956,"P13_006167_0931_XN_86S092W",-86.67,264.07
1043462,0.956,"D14_032682_0925_XN_87S066W",-87.54,293.04
487627,0.956,"P13_006167_0931_XN_86S092W",-86.97,265.85
1491823,0.956,"G14_023835_0906_XN_89S050W",-89.38,314.63
1043479,0.956,"D14_032682_0925_XN_87S066W",-87.40,293.21
1042101,0.956,"P13_006176_0935_XN_86S350W",-87.18,21.22
1042201,0.956,"P13_006176_0935_XN_86S350W",-87.06,25.23
1320531,0.956,"P13_006005_0947_XN_85S015W",-86.19,353.17
1491795,0.955,"G14_023835_0906_XN_89S050W",-89.46,274.94
1042247,0.955,"P13_006176_0935_XN_86S350W",-86.62,14.61
1042206,0.955,"P13_006176_0935_XN_86S350W",-86.91,20.18
1320398,0.955,"P13_006005_0947_XN_85S015W",-86.13,349.92
1043495,0.955,"D14_032682_0925_XN_87S066W",-87.31,293.97
1492687,0.955,"D14_032511_0959_XI_84S078W",-84.32,280.15
1319738,0.955,"G15_023927_0932_XI_86S057W",-87.02,305.01
1320521,0.955,"P13_006005_0947_XN_85S015W",-86.61,0.15
1501105,0.955,"D14_032523_0954_XN_84S045W",-84.65,312.74
1040529,0.955,"P13_006123_0953_XN_84S001W",-85.82,10.16
1042259,0.955,"P13_006176_0935_XN_86S350W",-86.14,5.94
487591,0.955,"P13_006167_0931_XN_86S092W",-87.14,266.54
1042238,0.955,"P13_006176_0935_XN_86S350W",-86.92,22.75
487585,0.955,"P13_006167_0931_XN_86S092W",-87.31,273.22
487638,0.955,"P13_006167_0931_XN_86S092W",-87.08,272.64
1043511,0.955,"D14_032682_0925_XN_87S066W",-87.22,294.65
1040818,0.955,"D14_032510_0963_XN_83S054W",-83.67,305.30
1040022,0.955,"G14_023833_0926_XN_87S017W",-87.60,343.89
1042248,0.955,"P13_006176_0935_XN_86S350W",-86.58,13.80
487508,0.955,"P13_006229_0951_XN_84S014W",-86.37,4.07
1320530,0.955,"P13_006005_0947_XN_85S015W",-86.23,353.80
487332,0.955,"P13_006229_0951_XN_84S014W",-86.55,4.19
487246,0.955,"P13_006229_0951_XN_84S014W",-86.56,2.71
1501114,0.955,"D14_032523_0954_XN_84S045W",-84.72,313.98
1040525,0.955,"P13_006123_0953_XN_84S001W",-85.99,12.47
1042994,0.955,"G14_023728_0958_XI_84S057W",-84.40,303.27
1042972,0.955,"G14_023728_0958_XI_84S057W",-84.49,302.95
1044385,0.955,"D14_032666_0916_XN_88S350W",-88.42,7.69
487341,0.955,"P13_006229_0951_XN_84S014W",-86.17,357.94
487410,0.955,"P13_006229_0951_XN_84S014W",-86.82,12.49
1040054,0.954,"G14_023833_0926_XN_87S017W",-87.47,347.65
1040808,0.954,"D14_032510_0963_XN_83S054W",-83.64,304.52
487629,0.954,"P13_006167_0931_XN_86S092W",-86.90,263.93
1320724,0.954,"P13_006005_0947_XN_85S015W",-86.49,2.98
1042168,0.954,"P13_006176_0935_XN_86S350W",-87.09,23.57
1044412,0.954,"D14_032666_0916_XN_88S350W",-88.59,14.87
487607,0.954,"P13_006167_0931_XN_86S092W",-87.12,268.24
1043485,0.954,"D14_032682_0925_XN_87S066W",-87.82,301.88
1320518,0.954,"P13_006005_0947_XN_85S015W",-86.72,2.58
1043480,0.954,"D14_032682_0925_XN_87S066W",-87.35,292.57
1040172,0.954,"P13_006123_0953_XN_84S001W",-86.40,12.77
487652,0.954,"P13_006167_0931_XN_86S092W",-87.09,276.46
1040069,0.954,"G14_023833_0926_XN_87S017W",-87.28,344.06
1319765,0.954,"G15_023927_0932_XI_86S057W",-86.75,301.41
487683,0.954,"P13_006167_0931_XN_86S092W",-86.64,263.21
487592,0.954,"P13_006167_0931_XN_86S092W",-87.11,265.50
1043476,0.954,"D14_032682_0925_XN_87S066W",-87.56,295.28
1040017,0.954,"G14_023833_0926_XN_87S017W",-87.42,336.45
1040538,0.954,"P13_006123_0953_XN_84S001W",-85.39,5.64
1040335,0.954,"P13_006123_0953_XN_84S001W",-86.74,22.65
483871,0.954,"P13_005941_0947_XI_85S065W",-86.48,307.20
487329,0.954,"P13_006229_0951_XN_84S014W",-86.66,6.58
1042282,0.954,"P13_006176_0935_XN_86S350W",-86.53,14.46
1042279,0.954,"P13_006176_0935_XN_86S350W",-86.64,16.94
483821,0.954,"P13_005941_0947_XI_85S065W",-85.72,295.45
1042218,0.954,"P13_006176_0935_XN_86S350W",-86.48,10.01
1040002,0.954,"G14_023794_0952_XN_84S061W",-84.84,300.33
487604,0.954,"P13_006167_0931_XN_86S092W",-87.20,271.50
1040262,0.953,"P13_006123_0953_XN_84S001W",-86.22,11.57
1319729,0.953,"G15_023927_0932_XI_86S057W",-87.01,302.37
487594,0.953,"P13_006167_0931_XN_86S092W",-87.05,263.50
1320559,0.953,"P13_006005_0947_XN_85S015W",-84.81,340.28
1040169,0.953,"P13_006123_0953_XN_84S001W",-86.52,14.87
1319768,0.953,"G15_023927_0932_XI_86S057W",-86.65,298.76
1040005,0.953,"G14_023794_0952_XN_84S061W",-84.68,299.46
487167,0.953,"P13_006229_0951_XN_84S014W",-86.26,356.48
1043478,0.953,"D14_032682_0925_XN_87S066W",-87.45,293.87
487149,0.953,"P13_006229_0951_XN_84S014W",-86.98,10.49
1320595,0.953,"P13_006005_0947_XN_85S015W",-86.31,356.49
1040351,0.953,"P13_006123_0953_XN_84S001W",-86.08,11.07
1042214,0.953,"P13_006176_0935_XN_86S350W",-86.63,13.10
1320424,0.953,"P13_006005_0947_XN_85S015W",-84.82,338.69
1042144,0.953,"P13_006176_0935_XN_86S350W",-86.81,13.33
1320480,0.953,"P13_006005_0947_XN_85S015W",-85.41,343.76
487596,0.953,"P13_006167_0931_XN_86S092W",-86.98,261.59
487506,0.953,"P13_006229_0951_XN_84S014W",-86.44,5.57
1042189,0.953,"P13_006176_0935_XN_86S350W",-86.31,5.79
487608,0.953,"P13_006167_0931_XN_86S092W",-87.09,267.20
487499,0.952,"P13_006229_0951_XN_84S014W",-86.70,11.31
487679,0.952,"P13_006167_0931_XN_86S092W",-86.77,266.78
1319755,0.952,"G15_023927_0932_XI_86S057W",-86.77,299.87
1319783,0.952,"G15_023927_0932_XI_86S057W",-86.76,306.28
1320721,0.952,"P13_006005_0947_XN_85S015W",-86.60,5.42
1042110,0.952,"P13_006176_0935_XN_86S350W",-86.86,12.59
1320381,0.952,"P13_006005_0947_XN_85S015W",-86.86,1.99
1040532,0.952,"P13_006123_0953_XN_84S001W",-85.68,8.55
1040263,0.952,"P13_006123_0953_XN_84S001W",-86.17,10.95
1043434,0.952,"D14_032682_0925_XN_87S066W",-87.50,288.64
1319758,0.952,"G15_023927_0932_XI_86S057W",-86.96,308.21
1042240,0.952,"P13_006176_0935_XN_86S350W",-86.86,20.81
1320463,0.952,"P13_006005_0947_XN_85S015W",-86.23,352.44
1042210,0.952,"P13_006176_0935_XN_86S350W",-86.78,16.49
1040271,0.952,"P13_006123_0953_XN_84S001W",-85.80,6.47
1040003,0.952,"G14_023794_0952_XN_84S061W",-84.79,300.03
1320549,0.952,"P13_006005_0947_XN_85S015W",-85.32,344.02
1070700,0.952,"D14_032790_0933_XN_86S110W",-86.86,249.94
1320616,0.951,"P13_006005_0947_XN_85S015W",-85.34,345.11
487667,0.951,"P13_006167_0931_XN_86S092W",-86.66,261.71
1319776,0.951,"G15_023927_0932_XI_86S057W",-86.69,302.02
1320422,0.951,"P13_006005_0947_XN_85S015W",-84.92,339.35
1042164,0.951,"P13_006176_0935_XN_86S350W",-85.95,359.71
1042103,0.951,"P13_006176_0935_XN_86S350W",-87.11,19.15
1043451,0.951,"D14_032682_0925_XN_87S066W",-87.36,289.06
1043461,0.951,"D14_032682_0925_XN_87S066W",-87.60,293.75
483999,0.951,"P13_005941_0947_XI_85S065W",-86.67,315.01
1039993,0.951,"G14_023794_0952_XN_84S061W",-84.76,299.09
487676,0.951,"P13_006167_0931_XN_86S092W",-86.86,269.63
1320661,0.951,"P13_006005_0947_XN_85S015W",-86.35,358.57
1040086,0.951,"P13_006123_0953_XN_84S001W",-86.40,11.35
1320657,0.951,"P13_006005_0947_XN_85S015W",-86.51,1.54
1319732,0.951,"G15_023927_0932_XI_86S057W",-86.91,299.47
1320395,0.951,"P13_006005_0947_XN_85S015W",-86.27,351.70
1043458,0.951,"D14_032682_0925_XN_87S066W",-87.75,296.03
1319780,0.950,"G15_023927_0932_XI_86S057W",-86.84,309.22
1320586,0.950,"P13_006005_0947_XN_85S015W",-86.67,3.27
1320726,0.950,"P13_006005_0947_XN_85S015W",-86.42,1.44
1320451,0.950,"P13_006005_0947_XN_85S015W",-86.74,1.03
487255,0.950,"P13_006229_0951_XN_84S014W",-86.17,356.60
1320492,0.950,"P13_006005_0947_XN_85S015W",-84.79,339.32
1042274,0.950,"P13_006176_0935_XN_86S350W",-86.80,21.41
1042246,0.950,"P13_006176_0935_XN_86S350W",-86.65,15.44
1491846,0.950,"G14_023835_0906_XN_89S050W",-89.20,312.65
1043022,0.950,"G14_023728_0958_XI_84S057W",-84.16,302.75
1491821,0.950,"G14_023835_0906_XN_89S050W",-89.39,325.87
1320664,0.950,"P13_006005_0947_XN_85S015W",-86.23,356.51
1070694,0.950,"D14_032790_0933_XN_86S110W",-86.91,249.22
1039944,0.950,"G14_023794_0952_XN_84S061W",-85.15,297.74
1043460,0.950,"D14_032682_0925_XN_87S066W",-87.65,294.47
1043048,0.950,"G14_023728_0958_XI_84S057W",-84.02,302.78
483901,0.950,"P13_005941_0947_XI_85S065W",-85.09,290.83
1501129,0.950,"D14_032523_0954_XN_84S045W",-84.48,313.35
1320524,0.950,"P13_006005_0947_XN_85S015W",-86.49,357.88
1044356,0.950,"D14_032666_0916_XN_88S350W",-88.29,2.59
1042813,0.950,"G14_023728_0958_XI_84S057W",-84.49,301.44
1319762,0.950,"G15_023927_0932_XI_86S057W",-86.84,304.21
1040817,0.950,"D14_032510_0963_XN_83S054W",-83.72,305.54
1044397,0.950,"D14_032666_0916_XN_88S350W",-88.26,5.10
1320421,0.950,"P13_006005_0947_XN_85S015W",-84.98,339.69
1040259,0.950,"P13_006123_0953_XN_84S001W",-86.35,13.52
1320448,0.950,"P13_006005_0947_XN_85S015W",-86.85,3.59
483903,0.950,"P13_005941_0947_XI_85S065W",-84.99,290.07
1320591,0.950,"P13_006005_0947_XN_85S015W",-86.48,359.33
1320391,0.950,"P13_006005_0947_XN_85S015W",-86.45,354.29
484072,0.950,"P13_005941_0947_XI_85S065W",-86.44,311.48
1042154,0.950,"P13_006176_0935_XN_86S350W",-86.40,5.71
1320593,0.950,"P13_006005_0947_XN_85S015W",-86.40,357.88
1319736,0.950,"G15_023927_0932_XI_86S057W",-87.07,307.10
487664,0.950,"P13_006167_0931_XN_86S092W",-86.76,264.33
1040250,0.950,"P13_006123_0953_XN_84S001W",-86.72,20.26
1044347,0.950,"D14_032666_0916_XN_88S350W",-88.40,4.12
1042211,0.950,"P13_006176_0935_XN_86S350W",-86.74,15.62
1040798,0.950,"D14_032510_0963_XN_83S054W",-83.61,303.75
1320447,0.950,"P13_006005_0947_XN_85S015W",-86.89,4.48
1320449,0.950,"P13_006005_0947_XN_85S015W",-86.81,2.71
1320479,0.950,"P13_006005_0947_XN_85S015W",-85.46,344.18
1040176,0.950,"P13_006123_0953_XN_84S001W",-86.22,10.21
1501126,0.949,"D14_032523_0954_XN_84S045W",-84.64,314.28
1040175,0.949,"P13_006123_0953_XN_84S001W",-86.26,10.83
1320732,0.949,"P13_006005_0947_XN_85S015W",-86.18,357.19
1070713,0.949,"D14_032790_0933_XN_86S110W",-86.71,250.44
487248,0.949,"P13_006229_0951_XN_84S014W",-86.47,1.24
1040783,0.949,"D14_032510_0963_XN_83S054W",-83.86,304.12
1320727,0.949,"P13_006005_0947_XN_85S015W",-86.38,0.69
483959,0.949,"P13_005941_0947_XI_85S065W",-85.55,295.82
1492663,0.949,"D14_032656_0959_XI_84S078W",-84.30,283.03
1320598,0.949,"P13_006005_0947_XN_85S015W",-86.19,354.51
1320382,0.949,"P13_006005_0947_XN_85S015W",-86.83,1.13
1514590,0.949,"D14_032511_0959_XI_84S078W",-84.30,283.08
1040267,0.949,"P13_006123_0953_XN_84S001W",-85.99,8.61
1320467,0.949,"P13_006005_0947_XN_85S015W",-86.05,350.08
1040443,0.949,"P13_006123_0953_XN_84S001W",-85.81,8.93
1042242,0.949,"P13_006176_0935_XN_86S350W",-86.79,18.95
1492674,0.949,"D14_032656_0959_XI_84S078W",-84.27,283.60
1044509,0.949,"D14_032666_0916_XN_88S350W",-88.50,19.88
1320587,0.949,"P13_006005_0947_XN_85S015W",-86.64,2.45
484002,0.949,"P13_005941_0947_XI_85S065W",-86.57,312.46
1042190,0.949,"P13_006176_0935_XN_86S350W",-86.27,5.14
1040346,0.949,"P13_006123_0953_XN_84S001W",-86.30,14.25
483872,0.949,"P13_005941_0947_XI_85S065W",-86.44,306.46
483838,0.949,"P13_005941_0947_XI_85S065W",-84.86,288.37
1070695,0.949,"D14_032790_0933_XN_86S110W",-86.87,248.33
1044457,0.949,"D14_032666_0916_XN_88S350W",-88.55,17.45
1040248,0.949,"P13_006123_0953_XN_84S001W",-86.79,21.95
1039994,0.949,"G14_023794_0952_XN_84S061W",-84.71,298.81
1042263,0.949,"P13_006176_0935_XN_86S350W",-85.96,3.52
1040019,0.948,"G14_023833_0926_XN_87S017W",-87.70,347.56
1043514,0.948,"D14_032682_0925_XN_87S066W",-87.07,292.84
1040810,0.948,"D14_032510_0963_XN_83S054W",-83.53,304.07
487655,0.948,"P13_006167_0931_XN_86S092W",-87.02,273.18
483902,0.948,"P13_005941_0947_XI_85S065W",-85.04,290.45
483801,0.948,"P13_005941_0947_XI_85S065W",-86.61,308.05
483933,0.948,"P13_005941_0947_XI_85S065W",-86.66,312.66
484141,0.947,"P13_005941_0947_XI_85S065W",-86.36,311.32
1044368,0.947,"D14_032666_0916_XN_88S350W",-88.69,13.40
484015,0.947,"P13_005941_0947_XI_85S065W",-86.05,303.09
484167,0.947,"P13_005941_0947_XI_85S065W",-85.23,295.86
1320515,0.947,"P13_006005_0947_XN_85S015W",-86.83,5.18
1320523,0.947,"P13_006005_0947_XN_85S015W",-86.53,358.62
484146,0.946,"P13_005941_0947_XI_85S065W",-86.16,307.68
483885,0.945,"P13_005941_0947_XI_85S065W",-85.87,298.22
1491840,0.945,"G14_023835_0906_XN_89S050W",-89.20,338.90
1043450,0.945,"D14_032682_0925_XN_87S066W",-87.42,289.62
484087,0.945,"P13_005941_0947_XI_85S065W",-85.83,301.35
484093,0.943,"P13_005941_0947_XI_85S065W",-85.56,298.11
483817,0.943,"P13_005941_0947_XI_85S065W",-85.91,297.54
1042287,0.942,"P13_006176_0935_XN_86S350W",-86.34,10.67
1491792,0.942,"G14_023835_0906_XN_89S050W",-89.58,290.78
1043047,0.942,"G14_023728_0958_XI_84S057W",-84.07,303.05
483831,0.941,"P13_005941_0947_XI_85S065W",-85.23,290.98
483823,0.941,"P13_005941_0947_XI_85S065W",-85.62,294.48
1040066,0.940,"G14_023833_0926_XN_87S017W",-87.38,347.29
483875,0.940,"P13_005941_0947_XI_85S065W",-86.32,304.34
484003,0.940,"P13_005941_0947_XI_85S065W",-86.53,311.65
483813,0.940,"P13_005941_0947_XI_85S065W",-86.10,299.81
484077,0.939,"P13_005941_0947_XI_85S065W",-86.25,307.75
484163,0.939,"P13_005941_0947_XI_85S065W",-85.42,297.74
483996,0.938,"P13_005941_0947_XI_85S065W",-86.77,317.72
484043,0.938,"P13_005941_0947_XI_85S065W",-84.71,289.85
484006,0.938,"P13_005941_0947_XI_85S065W",-86.42,309.30
1039952,0.937,"G14_023794_0952_XN_84S061W",-84.70,295.62
483964,0.937,"P13_005941_0947_XI_85S065W",-85.30,293.53
484110,0.936,"P13_005941_0947_XI_85S065W",-84.73,290.80
484112,0.936,"P13_005941_0947_XI_85S065W",-84.62,290.09
1040820,0.936,"D14_032510_0963_XN_83S054W",-83.56,304.83
483939,0.934,"P13_005941_0947_XI_85S065W",-86.43,307.88
483825,0.934,"P13_005941_0947_XI_85S065W",-85.53,293.55
484088,0.933,"P13_005941_0947_XI_85S065W",-85.79,300.79
483881,0.933,"P13_005941_0947_XI_85S065W",-86.05,300.51
487680,0.933,"P13_006167_0931_XN_86S092W",-86.74,265.86
1320468,0.932,"P13_006005_0947_XN_85S015W",-86.00,349.52
1042236,0.932,"P13_006176_0935_XN_86S350W",-86.97,24.76
1044519,0.932,"D14_032666_0916_XN_88S350W",-88.40,17.19
487666,0.931,"P13_006167_0931_XN_86S092W",-86.69,262.57
487415,0.931,"P13_006229_0951_XN_84S014W",-86.65,8.09
484083,0.931,"P13_005941_0947_XI_85S065W",-86.01,303.75
1491820,0.931,"G14_023835_0906_XN_89S050W",-89.39,331.53
1043498,0.930,"D14_032682_0925_XN_87S066W",-87.15,292.13
484042,0.930,"P13_005941_0947_XI_85S065W",-84.76,290.20
1043505,0.929,"D14_032682_0925_XN_87S066W",-87.53,298.92
1040011,0.929,"G14_023833_0926_XN_87S017W",-87.65,342.94
1040049,0.929,"G14_023833_0926_XN_87S017W",-87.31,340.31
483866,0.929,"P13_005941_0947_XI_85S065W",-86.67,311.16
484014,0.928,"P13_005941_0947_XI_85S065W",-86.10,303.72
1043437,0.927,"D14_032682_0925_XN_87S066W",-87.34,287.04
483936,0.927,"P13_005941_0947_XI_85S065W",-86.55,310.19
1319777,0.927,"G15_023927_0932_XI_86S057W",-86.66,301.12
1039950,0.927,"G14_023794_0952_XN_84S061W",-84.81,296.11
484144,0.927,"P13_005941_0947_XI_85S065W",-86.24,309.09
1491828,0.926,"G14_023835_0906_XN_89S050W",-89.26,290.92
484079,0.926,"P13_005941_0947_XI_85S065W",-86.17,306.36
483943,0.926,"P13_005941_0947_XI_85S065W",-86.27,305.03
483974,0.926,"P13_005941_0947_XI_85S065W",-84.80,289.59
487099,0.926,"P13_006229_0951_XN_84S014W",-85.37,346.23
1491805,0.926,"G14_023835_0906_XN_89S050W",-89.44,285.84
483820,0.926,"P13_005941_0947_XI_85S065W",-85.77,295.96
487241,0.926,"P13_006229_0951_XN_84S014W",-86.75,6.71
1320396,0.925,"P13_006005_0947_XN_85S015W",-86.23,351.09
1042156,0.925,"P13_006176_0935_XN_86S350W",-86.32,4.39
483997,0.924,"P13_005941_0947_XI_85S065W",-86.74,316.80
484004,0.924,"P13_005941_0947_XI_85S065W",-86.50,310.85
1042135,0.924,"P13_006176_0935_XN_86S350W",-87.12,21.89
1040004,0.924,"G14_023794_0952_XN_84S061W",-84.73,299.75
487161,0.924,"P13_006229_0951_XN_84S014W",-86.52,0.50
1320670,0.924,"P13_006005_0947_XN_85S015W",-85.96,352.78
1044290,0.923,"D14_032666_0916_XN_88S350W",-88.54,2.90
1044393,0.923,"D14_032666_0916_XN_88S350W",-88.31,5.91
1042272,0.923,"P13_006176_0935_XN_86S350W",-86.86,23.33
487586,0.923,"P13_006167_0931_XN_86S092W",-87.29,272.05
487075,0.923,"P13_006229_0951_XN_84S014W",-86.52,359.03
1040353,0.923,"P13_006123_0953_XN_84S001W",-85.99,9.90
487163,0.923,"P13_006229_0951_XN_84S014W",-86.44,359.09
484090,0.923,"P13_005941_0947_XI_85S065W",-85.70,299.68
1040355,0.923,"P13_006123_0953_XN_84S001W",-85.90,8.77
1320413,0.923,"P13_006005_0947_XN_85S015W",-85.39,342.67
1043499,0.922,"D14_032682_0925_XN_87S066W",-87.10,291.58
483794,0.922,"P13_005941_0947_XI_85S065W",-86.87,314.00
1320460,0.922,"P13_006005_0947_XN_85S015W",-86.36,354.36
1320532,0.922,"P13_006005_0947_XN_85S015W",-86.14,352.56
483946,0.922,"P13_005941_0947_XI_85S065W",-86.14,303.05
1040442,0.922,"P13_006123_0953_XN_84S001W",-85.86,9.48
1043467,0.922,"D14_032682_0925_XN_87S066W",-87.27,289.97
1040784,0.922,"D14_032510_0963_XN_83S054W",-83.81,303.88
483884,0.922,"P13_005941_0947_XI_85S065W",-85.92,298.77
1319771,0.922,"G15_023927_0932_XI_86S057W",-86.84,306.72
1501117,0.922,"D14_032523_0954_XN_84S045W",-84.56,313.04
1491837,0.921,"G14_023835_0906_XN_89S050W",-89.24,302.23
1040174,0.921,"P13_006123_0953_XN_84S001W",-86.31,11.46
1044514,0.921,"D14_032666_0916_XN_88S350W",-88.45,18.49
1040530,0.921,"P13_006123_0953_XN_84S001W",-85.77,9.61
1042264,0.921,"P13_006176_0935_XN_86S350W",-85.91,2.95
1040077,0.921,"P13_006123_0953_XN_84S001W",-86.78,17.96
1320452,0.921,"P13_006005_0947_XN_85S015W",-86.70,0.21
487238,0.921,"P13_006229_0951_XN_84S014W",-86.86,9.33
1042280,0.920,"P13_006176_0935_XN_86S350W",-86.60,16.10
1319741,0.920,"G15_023927_0932_XI_86S057W",-86.93,302.02
1040009,0.920,"G14_023833_0926_XN_87S017W",-87.72,345.38
487328,0.920,"P13_006229_0951_XN_84S014W",-86.70,7.41
1042180,0.920,"P13_006176_0935_XN_86S350W",-86.68,12.39
484105,0.920,"P13_005941_0947_XI_85S065W",-84.98,292.71
1319779,0.920,"G15_023927_0932_XI_86S057W",-86.60,299.39
487654,0.920,"P13_006167_0931_XN_86S092W",-87.05,274.26
1044370,0.920,"D14_032666_0916_XN_88S350W",-88.63,12.11
1042158,0.920,"P13_006176_0935_XN_86S350W",-86.23,3.14
1040437,0.920,"P13_006123_0953_XN_84S001W",-86.08,12.39
483855,0.919,"P13_005941_0947_XI_85S065W",-83.95,283.31
487165,0.919,"P13_006229_0951_XN_84S014W",-86.35,357.75
1042153,0.919,"P13_006176_0935_XN_86S350W",-86.45,6.39
1040045,0.919,"G14_023833_0926_XN_87S017W",-87.45,344.54
1491838,0.919,"G14_023835_0906_XN_89S050W",-89.22,298.16
487435,0.919,"P13_006229_0951_XN_84S014W",-85.81,354.59
1043463,0.919,"D14_032682_0925_XN_87S066W",-87.49,292.36
1043455,0.919,"D14_032682_0925_XN_87S066W",-87.91,298.65
1320464,0.919,"P13_006005_0947_XN_85S015W",-86.18,351.83
1042244,0.919,"P13_006176_0935_XN_86S350W",-86.72,17.16
487614,0.919,"P13_006167_0931_XN_86S092W",-86.89,261.39
1044352,0.919,"D14_032666_0916_XN_88S350W",-88.34,3.33
1042167,0.918,"P13_006176_0935_XN_86S350W",-87.12,24.64
1043452,0.918,"D14_032682_0925_XN_87S066W",-87.31,288.52
1320529,0.918,"P13_006005_0947_XN_85S015W",-86.27,354.44
1042169,0.918,"P13_006176_0935_XN_86S350W",-87.06,22.53
1042108,0.918,"P13_006176_0935_XN_86S350W",-86.94,14.35
1040163,0.918,"P13_006123_0953_XN_84S001W",-86.77,19.53
487263,0.918,"P13_006229_0951_XN_84S014W",-85.80,352.14
1042271,0.918,"P13_006176_0935_XN_86S350W",-86.89,24.31
1044390,0.917,"D14_032666_0916_XN_88S350W",-88.37,6.77
1040034,0.917,"G14_023833_0926_XN_87S017W",-87.51,343.66
1040065,0.917,"G14_023833_0926_XN_87S017W",-87.41,348.43
483819,0.917,"P13_005941_0947_XI_85S065W",-85.82,296.47
1042252,0.917,"P13_006176_0935_XN_86S350W",-86.43,10.72
1040439,0.917,"P13_006123_0953_XN_84S001W",-85.99,11.18
1040338,0.917,"P13_006123_0953_XN_84S001W",-86.63,20.15
1043481,0.916,"D14_032682_0925_XN_87S066W",-87.29,291.94
1501127,0.916,"D14_032523_0954_XN_84S045W",-84.59,313.96
487152,0.916,"P13_006229_0951_XN_84S014W",-86.88,7.72
1042124,0.916,"P13_006176_0935_XN_86S350W",-86.27,2.39
1043497,0.916,"D14_032682_0925_XN_87S066W",-87.21,292.73
487162,0.916,"P13_006229_0951_XN_84S014W",-86.48,359.78
1043509,0.916,"D14_032682_0925_XN_87S066W",-87.33,295.96
484161,0.916,"P13_005941_0947_XI_85S065W",-85.52,298.74
1042281,0.915,"P13_006176_0935_XN_86S350W",-86.57,15.27
1040438,0.915,"P13_006123_0953_XN_84S001W",-86.04,11.78
1042986,0.915,"G14_023728_0958_XI_84S057W",-84.73,305.09
483827,0.915,"P13_005941_0947_XI_85S065W",-85.43,292.66
1039963,0.915,"G14_023794_0952_XN_84S061W",-84.68,296.29
1042209,0.915,"P13_006176_0935_XN_86S350W",-86.81,17.38
487521,0.915,"P13_006229_0951_XN_84S014W",-85.81,355.81
1320519,0.915,"P13_006005_0947_XN_85S015W",-86.69,1.75
1043046,0.915,"G14_023728_0958_XI_84S057W",-84.13,303.32
1320392,0.915,"P13_006005_0947_XN_85S015W",-86.41,353.62
487590,0.915,"P13_006167_0931_XN_86S092W",-87.17,267.59
484138,0.915,"P13_005941_0947_XI_85S065W",-86.46,313.69
1044360,0.915,"D14_032666_0916_XN_88S350W",-88.79,16.25
1320379,0.915,"P13_006005_0947_XN_85S015W",-86.94,3.76
1040020,0.915,"G14_023833_0926_XN_87S017W",-87.67,346.30
1320683,0.915,"P13_006005_0947_XN_85S015W",-85.35,346.20
1320490,0.915,"P13_006005_0947_XN_85S015W",-84.89,339.99
1042205,0.915,"P13_006176_0935_XN_86S350W",-86.94,21.15
483792,0.914,"P13_005941_0947_XI_85S065W",-86.94,315.88
1320596,0.914,"P13_006005_0947_XN_85S015W",-86.27,355.81
487157,0.914,"P13_006229_0951_XN_84S014W",-86.69,3.52
487254,0.914,"P13_006229_0951_XN_84S014W",-86.21,357.22
1042130,0.914,"P13_006176_0935_XN_86S350W",-85.99,358.97
487588,0.914,"P13_006167_0931_XN_86S092W",-87.23,269.77
487505,0.914,"P13_006229_0951_XN_84S014W",-86.48,6.34
483950,0.914,"P13_005941_0947_XI_85S065W",-85.97,300.60
1043459,0.914,"D14_032682_0925_XN_87S066W",-87.70,295.23
1491793,0.914,"G14_023835_0906_XN_89S050W",-89.55,284.50
1501103,0.914,"D14_032523_0954_XN_84S045W",-84.75,313.35
1043045,0.913,"G14_023728_0958_XI_84S057W",-84.18,303.60
483929,0.913,"P13_005941_0947_XI_85S065W",-86.79,316.19
1044296,0.913,"D14_032666_0916_XN_88S350W",-88.49,2.09
487681,0.913,"P13_006167_0931_XN_86S092W",-86.70,264.96
1491832,0.913,"G14_023835_0906_XN_89S050W",-89.31,325.83
487418,0.913,"P13_006229_0951_XN_84S014W",-86.53,5.67
1320597,0.913,"P13_006005_0947_XN_85S015W",-86.23,355.16
1501106,0.913,"D14_032523_0954_XN_84S045W",-84.59,312.44
1501102,0.913,"D14_032523_0954_XN_84S045W",-84.81,313.67
1042295,0.913,"P13_006176_0935_XN_86S350W",-86.00,5.39
1040256,0.913,"P13_006123_0953_XN_84S001W",-86.48,15.61
1320654,0.912,"P13_006005_0947_XN_85S015W",-86.62,3.95
487062,0.912,"P13_006229_0951_XN_84S014W",-87.04,9.78
1042138,0.912,"P13_006176_0935_XN_86S350W",-87.02,18.84
487166,0.912,"P13_006229_0951_XN_84S014W",-86.30,357.11
1491791,0.912,"G14_023835_0906_XN_89S050W",-89.61,298.18
1040264,0.912,"P13_006123_0953_XN_84S001W",-86.13,10.35
1319751,0.912,"G15_023927_0932_XI_86S057W",-86.90,303.62
1040079,0.912,"P13_006123_0953_XN_84S001W",-86.70,16.36
1491803,0.912,"G14_023835_0906_XN_89S050W",-89.51,296.73
487635,0.911,"P13_006167_0931_XN_86S092W",-87.15,275.98
487333,0.911,"P13_006229_0951_XN_84S014W",-86.51,3.43
1043494,0.911,"D14_032682_0925_XN_87S066W",-87.36,294.62
1058511,0.911,"P13_006290_1017_XN_78S258W",-78.61,102.27
487424,0.911,"P13_006229_0951_XN_84S014W",-86.29,1.27
1042119,0.911,"P13_006176_0935_XN_86S350W",-86.49,5.63
487422,0.911,"P13_006229_0951_XN_84S014W",-86.38,2.67
1491824,0.911,"G14_023835_0906_XN_89S050W",-89.36,309.27
1042224,0.911,"P13_006176_0935_XN_86S350W",-86.23,5.86
1040094,0.911,"P13_006123_0953_XN_84S001W",-86.03,6.59
487335,0.911,"P13_006229_0951_XN_84S014W",-86.43,1.96
484176,0.911,"P13_005941_0947_XI_85S065W",-84.79,292.14
1043482,0.911,"D14_032682_0925_XN_87S066W",-87.24,291.36
1320525,0.911,"P13_006005_0947_XN_85S015W",-86.45,357.16
1042155,0.911,"P13_006176_0935_XN_86S350W",-86.36,5.04
487642,0.911,"P13_006167_0931_XN_86S092W",-86.97,268.47
484086,0.910,"P13_005941_0947_XI_85S065W",-85.88,301.93
487623,0.910,"P13_006167_0931_XN_86S092W",-87.09,269.92
1039943,0.910,"G14_023794_0952_XN_84S061W",-85.20,298.03
487426,0.910,"P13_006229_0951_XN_84S014W",-86.21,359.93
1040097,0.910,"P13_006123_0953_XN_84S001W",-85.88,5.03
1043026,0.910,"G14_023728_0958_XI_84S057W",-83.99,301.96
1320397,0.910,"P13_006005_0947_XN_85S015W",-86.18,350.50
487081,0.910,"P13_006229_0951_XN_84S014W",-86.26,355.11
1070707,0.910,"D14_032790_0933_XN_86S110W",-86.77,249.76
1319748,0.910,"G15_023927_0932_XI_86S057W",-86.99,306.62
1042099,0.910,"P13_006176_0935_XN_86S350W",-87.24,23.39
1040252,0.909,"P13_006123_0953_XN_84S001W",-86.64,18.64
487684,0.909,"P13_006167_0931_XN_86S092W",-86.60,262.36
1320584,0.909,"P13_006005_0947_XN_85S015W",-86.74,4.97
487247,0.909,"P13_006229_0951_XN_84S014W",-86.51,1.97
483904,0.909,"P13_005941_0947_XI_85S065W",-84.93,289.70
487511,0.909,"P13_006229_0951_XN_84S014W",-86.25,1.96
1042217,0.909,"P13_006176_0935_XN_86S350W",-86.52,10.76
1042142,0.909,"P13_006176_0935_XN_86S350W",-86.89,15.08
1042286,0.908,"P13_006176_0935_XN_86S350W",-86.38,11.40
487609,0.908,"P13_006167_0931_XN_86S092W",-87.06,266.18
1040435,0.908,"P13_006123_0953_XN_84S001W",-86.17,13.65
487338,0.908,"P13_006229_0951_XN_84S014W",-86.30,359.88
1491806,0.908,"G14_023835_0906_XN_89S050W",-89.40,281.46
1042291,0.908,"P13_006176_0935_XN_86S350W",-86.17,7.92
1040018,0.908,"G14_023833_0926_XN_87S017W",-87.37,335.49
1043021,0.908,"G14_023728_0958_XI_84S057W",-84.21,303.02
487646,0.908,"P13_006167_0931_XN_86S092W",-86.85,264.60
1514594,0.908,"D14_032511_0959_XI_84S078W",-84.09,281.88
1042140,0.908,"P13_006176_0935_XN_86S350W",-86.96,16.92
1042249,0.907,"P13_006176_0935_XN_86S350W",-86.54,13.00
1042976,0.907,"G14_023728_0958_XI_84S057W",-84.32,302.11
487436,0.907,"P13_006229_0951_XN_84S014W",-85.76,354.06
1320393,0.907,"P13_006005_0947_XN_85S015W",-86.36,352.96
1492627,0.907,"D14_032656_0959_XI_84S078W",-84.15,279.31
1043501,0.907,"D14_032682_0925_XN_87S066W",-87.73,302.40
484174,0.906,"P13_005941_0947_XI_85S065W",-84.89,292.91
487669,0.906,"P13_006167_0931_XN_86S092W",-87.03,276.91
1492649,0.906,"D14_032656_0959_XI_84S078W",-84.09,280.46
1514599,0.906,"D14_032511_0959_XI_84S078W",-84.22,283.34
1042165,0.906,"P13_006176_0935_XN_86S350W",-85.90,359.18
1042241,0.906,"P13_006176_0935_XN_86S350W",-86.82,19.87
1320583,0.906,"P13_006005_0947_XN_85S015W",-86.78,5.85
487416,0.906,"P13_006229_0951_XN_84S014W",-86.61,7.27
484013,0.906,"P13_005941_0947_XI_85S065W",-86.14,304.37
1043447,0.906,"D14_032682_0925_XN_87S066W",-87.58,291.45
1319739,0.906,"G15_023927_0932_XI_86S057W",-86.99,304.00
487252,0.906,"P13_006229_0951_XN_84S014W",-86.30,358.49
1043000,0.906,"G14_023728_0958_XI_84S057W",-84.13,301.90
1320462,0.905,"P13_006005_0947_XN_85S015W",-86.28,353.07
487079,0.905,"P13_006229_0951_XN_84S014W",-86.35,356.35
483806,0.905,"P13_005941_0947_XI_85S065W",-86.41,304.34
1320651,0.905,"P13_006005_0947_XN_85S015W",-86.73,6.51
1042177,0.905,"P13_006176_0935_XN_86S350W",-86.80,14.92
1043496,0.905,"D14_032682_0925_XN_87S066W",-87.26,293.34
1040087,0.905,"P13_006123_0953_XN_84S001W",-86.35,10.71
487605,0.905,"P13_006167_0931_XN_86S092W",-87.17,270.39
1501141,0.905,"D14_032523_0954_XN_84S045W",-84.39,313.65
484136,0.905,"P13_005941_0947_XI_85S065W",-86.53,315.34
487349,0.905,"P13_006229_0951_XN_84S014W",-85.80,353.36
1043508,0.905,"D14_032682_0925_XN_87S066W",-87.38,296.66
1040007,0.905,"G14_023794_0952_XN_84S061W",-84.57,298.91
484092,0.905,"P13_005941_0947_XI_85S065W",-85.61,298.62
487251,0.904,"P13_006229_0951_XN_84S014W",-86.35,359.16
1039982,0.904,"G14_023794_0952_XN_84S061W",-84.79,298.42
487631,0.904,"P13_006167_0931_XN_86S092W",-86.83,262.10
1319737,0.904,"G15_023927_0932_XI_86S057W",-87.05,306.05
487411,0.904,"P13_006229_0951_XN_84S014W",-86.78,11.58
1319725,0.904,"G15_023927_0932_XI_86S057W",-87.13,306.52
1320663,0.904,"P13_006005_0947_XN_85S015W",-86.27,357.18
1040013,0.904,"G14_023833_0926_XN_87S017W",-87.58,340.63
1043032,0.904,"G14_023728_0958_XI_84S057W",-84.66,306.32
1042114,0.904,"P13_006176_0935_XN_86S350W",-86.71,9.30
1514565,0.903,"D14_032656_0959_XI_84S078W",-84.31,281.56
1042245,0.903,"P13_006176_0935_XN_86S350W",-86.69,16.29
488752,0.903,"G14_023807_0886_XN_88S313W",-88.60,34.64
1040434,0.903,"P13_006123_0953_XN_84S001W",-86.21,14.30
1044429,0.903,"D14_032666_0916_XN_88S350W",-88.38,10.27
1039945,0.903,"G14_023794_0952_XN_84S061W",-85.09,297.46
487419,0.903,"P13_006229_0951_XN_84S014W",-86.50,4.89
1320517,0.903,"P13_006005_0947_XN_85S015W",-86.76,3.42
1042186,0.903,"P13_006176_0935_XN_86S350W",-86.44,7.84
487633,0.903,"P13_006167_0931_XN_86S092W",-86.76,260.34
1492667,0.903,"D14_032656_0959_XI_84S078W",-84.09,281.87
1040177,0.903,"P13_006123_0953_XN_84S001W",-86.17,9.61
1320423,0.903,"P13_006005_0947_XN_85S015W",-84.87,339.02
487342,0.903,"P13_006229_0951_XN_84S014W",-86.13,357.32
1042260,0.902,"P13_006176_0935_XN_86S350W",-86.09,5.31
1042243,0.902,"P13_006176_0935_XN_86S350W",-86.76,18.04
1320592,0.902,"P13_006005_0947_XN_85S015W",-86.44,358.60
1320389,0.902,"P13_006005_0947_XN_85S015W",-86.54,355.68
487412,0.902,"P13_006229_0951_XN_84S014W",-86.75,10.68
483887,0.902,"P13_005941_0947_XI_85S065W",-85.78,297.15
1040253,0.902,"P13_006123_0953_XN_84S001W",-86.60,17.85
487504,0.902,"P13_006229_0951_XN_84S014W",-86.52,7.12
1040522,0.902,"P13_006123_0953_XN_84S001W",-86.12,14.33
483867,0.901,"P13_005941_0947_XI_85S065W",-86.64,310.33
487649,0.901,"P13_006167_0931_XN_86S092W",-86.74,261.90
483802,0.901,"P13_005941_0947_XI_85S065W",-86.57,307.27
487434,0.901,"P13_006229_0951_XN_84S014W",-85.85,355.13
1042815,0.901,"G14_023728_0958_XI_84S057W",-84.38,300.90
1040343,0.901,"P13_006123_0953_XN_84S001W",-86.43,16.34
487598,0.901,"P13_006167_0931_XN_86S092W",-86.90,259.77
1320461,0.901,"P13_006005_0947_XN_85S015W",-86.32,353.71
1040036,0.900,"G14_023833_0926_XN_87S017W",-87.43,341.47
487155,0.900,"P13_006229_0951_XN_84S014W",-86.76,5.14
1043500,0.900,"D14_032682_0925_XN_87S066W",-87.77,303.37
1043440,0.900,"D14_032682_0925_XN_87S066W",-87.95,296.90
487423,0.900,"P13_006229_0951_XN_84S014W",-86.34,1.96
484000,0.900,"P13_005941_0947_XI_85S065W",-86.64,314.15
1320522,0.900,"P13_006005_0947_XN_85S015W",-86.57,359.37
1042970,0.900,"G14_023728_0958_XI_84S057W",-84.54,303.24
1042996,0.900,"G14_023728_0958_XI_84S057W",-84.30,302.71
487421,0.899,"P13_006229_0951_XN_84S014W",-86.42,3.39
1492689,0.899,"D14_032511_0959_XI_84S078W",-84.22,279.60
1040038,0.899,"G14_023833_0926_XN_87S017W",-87.36,339.39
1039978,0.899,"G14_023794_0952_XN_84S061W",-85.01,299.59
1040269,0.899,"P13_006123_0953_XN_84S001W",-85.90,7.52
1491822,0.899,"G14_023835_0906_XN_89S050W",-89.39,320.20
1492624,0.899,"D14_032656_0959_XI_84S078W",-84.32,280.11
1042230,0.899,"P13_006176_0935_XN_86S350W",-85.96,2.25
1491800,0.899,"G14_023835_0906_XN_89S050W",-89.56,318.06
1040033,0.898,"G14_023833_0926_XN_87S017W",-87.54,344.80
487429,0.898,"P13_006229_0951_XN_84S014W",-86.08,358.03
1044446,0.898,"D14_032666_0916_XN_88S350W",-88.69,22.09
1040078,0.898,"P13_006123_0953_XN_84S001W",-86.74,17.15
1040539,0.898,"P13_006123_0953_XN_84S001W",-85.34,5.18
1492655,0.898,"D14_032656_0959_XI_84S078W",-84.17,281.58
1070702,0.898,"D14_032790_0933_XN_86S110W",-86.78,248.19
1040071,0.897,"G14_023833_0926_XN_87S017W",-87.20,342.04
1043502,0.897,"D14_032682_0925_XN_87S066W",-87.68,301.46
1320426,0.897,"P13_006005_0947_XN_85S015W",-84.71,338.06
1040792,0.897,"D14_032510_0963_XN_83S054W",-83.95,305.16
483795,0.897,"P13_005941_0947_XI_85S065W",-86.83,313.10
483891,0.896,"P13_005941_0947_XI_85S065W",-85.59,295.15
1320388,0.895,"P13_006005_0947_XN_85S015W",-86.58,356.40
1039970,0.895,"G14_023794_0952_XN_84S061W",-84.87,298.02
484001,0.894,"P13_005941_0947_XI_85S065W",-86.60,313.29
487074,0.894,"P13_006229_0951_XN_84S014W",-86.57,359.74
1040795,0.894,"D14_032510_0963_XN_83S054W",-83.78,304.44
1492664,0.893,"D14_032656_0959_XI_84S078W",-84.25,282.73
483874,0.892,"P13_005941_0947_XI_85S065W",-86.36,305.03
483836,0.891,"P13_005941_0947_XI_85S065W",-84.97,289.08
1491841,0.891,"G14_023835_0906_XN_89S050W",-89.21,334.63
1319787,0.891,"G15_023927_0932_XI_86S057W",-86.64,302.60
1501128,0.890,"D14_032523_0954_XN_84S045W",-84.53,313.65
483975,0.890,"P13_005941_0947_XI_85S065W",-84.74,289.24
487639,0.889,"P13_006167_0931_XN_86S092W",-87.06,271.57
483931,0.889,"P13_005941_0947_XI_85S065W",-86.73,314.39
1514584,0.888,"D14_032511_0959_XI_84S078W",-84.23,281.90
487153,0.886,"P13_006229_0951_XN_84S014W",-86.84,6.84
1044282,0.886,"D14_032666_0916_XN_88S350W",-88.66,4.72
483935,0.885,"P13_005941_0947_XI_85S065W",-86.59,311.00
1044260,0.884,"D14_032666_0916_XN_88S350W",-88.88,9.41
1040092,0.884,"P13_006123_0953_XN_84S001W",-86.12,7.70
487077,0.884,"P13_006229_0951_XN_84S014W",-86.44,357.66
487151,0.884,"P13_006229_0951_XN_84S014W",-86.91,8.62
487242,0.883,"P13_006229_0951_XN_84S014W",-86.71,5.87
1042278,0.883,"P13_006176_0935_XN_86S350W",-86.67,17.80
1043487,0.883,"D14_032682_0925_XN_87S066W",-87.72,300.01
1040261,0.882,"P13_006123_0953_XN_84S001W",-86.26,12.21
483809,0.882,"P13_005941_0947_XI_85S065W",-86.28,302.31
487661,0.881,"P13_006167_0931_XN_86S092W",-86.85,267.12
483840,0.880,"P13_005941_0947_XI_85S065W",-84.76,287.68
484140,0.880,"P13_005941_0947_XI_85S065W",-86.39,312.09
1043468,0.880,"D14_032682_0925_XN_87S066W",-87.22,289.43
487685,0.880,"P13_006167_0931_XN_86S092W",-86.57,261.53
1039976,0.880,"G14_023794_0952_XN_84S061W",-85.12,300.20
483882,0.880,"P13_005941_0947_XI_85S065W",-86.01,299.92
483947,0.879,"P13_005941_0947_XI_85S065W",-86.10,302.42
1042285,0.879,"P13_006176_0935_XN_86S350W",-86.42,12.14
1043018,0.878,"G14_023728_0958_XI_84S057W",-84.32,303.58
1044416,0.878,"D14_032666_0916_XN_88S350W",-88.54,13.64
1492634,0.878,"D14_032656_0959_XI_84S078W",-84.34,280.97
487168,0.877,"P13_006229_0951_XN_84S014W",-86.21,355.86
488698,0.877,"G14_023807_0886_XN_88S313W",-88.97,40.42
487674,0.877,"P13_006167_0931_XN_86S092W",-86.91,271.63
1040088,0.876,"P13_006123_0953_XN_84S001W",-86.31,10.08
487240,0.876,"P13_006229_0951_XN_84S014W",-86.79,7.56
1042998,0.876,"G14_023728_0958_XI_84S057W",-84.24,302.44
1040067,0.876,"G14_023833_0926_XN_87S017W",-87.34,346.19
1320455,0.876,"P13_006005_0947_XN_85S015W",-86.58,357.89
487068,0.875,"P13_006229_0951_XN_84S014W",-86.81,4.40
1320729,0.875,"P13_006005_0947_XN_85S015W",-86.30,359.25
1320588,0.875,"P13_006005_0947_XN_85S015W",-86.60,1.64
1040010,0.875,"G14_023833_0926_XN_87S017W",-87.69,344.14
483798,0.875,"P13_005941_0947_XI_85S065W",-86.72,310.49
1514574,0.874,"D14_032656_0959_XI_84S078W",-84.03,281.60
487069,0.874,"P13_006229_0951_XN_84S014W",-86.77,3.57
1042202,0.874,"P13_006176_0935_XN_86S350W",-87.03,24.18
487644,0.874,"P13_006167_0931_XN_86S092W",-86.91,266.49
1042172,0.873,"P13_006176_0935_XN_86S350W",-86.97,19.52
1491816,0.873,"G14_023835_0906_XN_89S050W",-89.37,290.96
1042255,0.873,"P13_006176_0935_XN_86S350W",-86.31,8.58
1040035,0.872,"G14_023833_0926_XN_87S017W",-87.47,342.55
1043475,0.872,"D14_032682_0925_XN_87S066W",-87.61,296.03
487339,0.871,"P13_006229_0951_XN_84S014W",-86.26,359.22
1043471,0.871,"D14_032682_0925_XN_87S066W",-87.81,299.37
487324,0.871,"P13_006229_0951_XN_84S014W",-86.84,10.92
487671,0.871,"P13_006167_0931_XN_86S092W",-86.99,274.75
487663,0.871,"P13_006167_0931_XN_86S092W",-86.79,265.24
1040056,0.871,"G14_023833_0926_XN_87S017W",-87.40,345.39
1042977,0.870,"G14_023728_0958_XI_84S057W",-84.27,301.84
1044321,0.870,"D14_032666_0916_XN_88S350W",-88.73,10.25
1043429,0.870,"D14_032682_0925_XN_87S066W",-87.78,291.84
1501135,0.870,"D14_032523_0954_XN_84S045W",-84.71,315.54
487637,0.870,"P13_006167_0931_XN_86S092W",-87.11,273.74
484071,0.870,"P13_005941_0947_XI_85S065W",-86.48,312.27
1042836,0.869,"G14_023728_0958_XI_84S057W",-84.46,302.05
1042237,0.869,"P13_006176_0935_XN_86S350W",-86.95,23.74
1042257,0.869,"P13_006176_0935_XN_86S350W",-86.22,7.23
487606,0.869,"P13_006167_0931_XN_86S092W",-87.15,269.31
487510,0.869,"P13_006229_0951_XN_84S014W",-86.29,2.65
1042277,0.869,"P13_006176_0935_XN_86S350W",-86.70,18.68
1320459,0.869,"P13_006005_0947_XN_85S015W",-86.41,355.03
484040,0.869,"P13_005941_0947_XI_85S065W",-84.86,290.94
1491842,0.868,"G14_023835_0906_XN_89S050W",-89.22,330.25
487237,0.868,"P13_006229_0951_XN_84S014W",-86.89,10.25
1044466,0.868,"D14_032666_0916_XN_88S350W",-88.45,14.91
1040016,0.868,"G14_023833_0926_XN_87S017W",-87.46,337.45
1042294,0.868,"P13_006176_0935_XN_86S350W",-86.05,6.00
1042293,0.868,"P13_006176_0935_XN_86S350W",-86.09,6.63
1043504,0.867,"D14_032682_0925_XN_87S066W",-87.58,299.73
1491808,0.867,"G14_023835_0906_XN_89S050W",-89.46,338.90
1039991,0.867,"G14_023794_0952_XN_84S061W",-84.87,299.66
1040794,0.867,"D14_032510_0963_XN_83S054W",-83.84,304.67
487630,0.867,"P13_006167_0931_XN_86S092W",-86.87,263.00
483873,0.867,"P13_005941_0947_XI_85S065W",-86.40,305.74
1043472,0.867,"D14_032682_0925_XN_87S066W",-87.76,298.48
1040095,0.867,"P13_006123_0953_XN_84S001W",-85.98,6.06
487625,0.867,"P13_006167_0931_XN_86S092W",-87.03,267.84
1320384,0.867,"P13_006005_0947_XN_85S015W",-86.75,359.48
1042235,0.867,"P13_006176_0935_XN_86S350W",-87.00,25.79
1040080,0.867,"P13_006123_0953_XN_84S001W",-86.66,15.59
1043431,0.867,"D14_032682_0925_XN_87S066W",-87.67,290.47
1042979,0.866,"G14_023728_0958_XI_84S057W",-84.16,301.32
1044974,0.866,"P13_006151_0974_XN_82S055W",-82.98,305.89
487244,0.866,"P13_006229_0951_XN_84S014W",-86.64,4.25
487239,0.866,"P13_006229_0951_XN_84S014W",-86.82,8.44
1042197,0.865,"P13_006176_0935_XN_86S350W",-85.95,0.98
487659,0.865,"P13_006167_0931_XN_86S092W",-86.91,269.06
1040161,0.865,"P13_006123_0953_XN_84S001W",-86.84,21.24
484147,0.864,"P13_005941_0947_XI_85S065W",-86.13,306.99
1040043,0.864,"G14_023833_0926_XN_87S017W",-87.52,346.84
1043023,0.864,"G14_023728_0958_XI_84S057W",-84.10,302.48
1039996,0.864,"G14_023794_0952_XN_84S061W",-84.60,298.28
1039992,0.864,"G14_023794_0952_XN_84S061W",-84.82,299.37
1040806,0.864,"D14_032510_0963_XN_83S054W",-83.75,304.99
1040360,0.864,"P13_006123_0953_XN_84S001W",-85.67,6.18
1043441,0.863,"D14_032682_0925_XN_87S066W",-87.90,296.01
1040524,0.863,"P13_006123_0953_XN_84S001W",-86.04,13.08
488729,0.863,"G14_023807_0886_XN_88S313W",-88.70,39.82
1044374,0.863,"D14_032666_0916_XN_88S350W",-88.58,10.87
1042993,0.863,"G14_023728_0958_XI_84S057W",-84.46,303.56
1320546,0.863,"P13_006005_0947_XN_85S015W",-85.47,345.30
1491807,0.863,"G14_023835_0906_XN_89S050W",-89.44,344.91
1042290,0.863,"P13_006176_0935_XN_86S350W",-86.22,8.58
1040785,0.863,"D14_032510_0963_XN_83S054W",-83.75,303.66
1039951,0.863,"G14_023794_0952_XN_84S061W",-84.76,295.86
1042163,0.863,"P13_006176_0935_XN_86S350W",-85.99,0.25
1320412,0.862,"P13_006005_0947_XN_85S015W",-85.45,343.08
487173,0.862,"P13_006229_0951_XN_84S014W",-85.98,352.99
487413,0.862,"P13_006229_0951_XN_84S014W",-86.72,9.80
487172,0.862,"P13_006229_0951_XN_84S014W",-86.03,353.54
1042171,0.862,"P13_006176_0935_XN_86S350W",-87.00,20.50
1043008,0.862,"G14_023728_0958_XI_84S057W",-84.69,305.71
487515,0.861,"P13_006229_0951_XN_84S014W",-86.08,359.34
1320749,0.861,"P13_006005_0947_XN_85S015W",-85.41,347.75
1042251,0.861,"P13_006176_0935_XN_86S350W",-86.47,11.46
1492675,0.861,"D14_032656_0959_XI_84S078W",-84.22,283.30
1492623,0.861,"D14_032656_0959_XI_84S078W",-84.37,280.38
487065,0.861,"P13_006229_0951_XN_84S014W",-86.93,6.99
1044301,0.861,"D14_032666_0916_XN_88S350W",-88.43,1.34
487325,0.861,"P13_006229_0951_XN_84S014W",-86.80,10.02
1040171,0.860,"P13_006123_0953_XN_84S001W",-86.44,13.46
487327,0.860,"P13_006229_0951_XN_84S014W",-86.73,8.26
488749,0.860,"G14_023807_0886_XN_88S313W",-88.51,41.01
1070693,0.860,"D14_032790_0933_XN_86S110W",-86.94,250.13
1491811,0.860,"G14_023835_0906_XN_89S050W",-89.47,319.32
483928,0.860,"P13_005941_0947_XI_85S065W",-86.83,317.12
1042222,0.860,"P13_006176_0935_XN_86S350W",-86.31,7.18
487100,0.860,"P13_006229_0951_XN_84S014W",-85.32,345.83
1491813,0.859,"G14_023835_0906_XN_89S050W",-89.45,306.73
487509,0.859,"P13_006229_0951_XN_84S014W",-86.33,3.35
487522,0.859,"P13_006229_0951_XN_84S014W",-85.77,355.27
1320602,0.859,"P13_006005_0947_XN_85S015W",-86.01,352.09
1040165,0.859,"P13_006123_0953_XN_84S001W",-86.69,17.90
1514572,0.859,"D14_032656_0959_XI_84S078W",-84.23,281.86
487428,0.858,"P13_006229_0951_XN_84S014W",-86.12,358.65
1040265,0.858,"P13_006123_0953_XN_84S001W",-86.08,9.75
487632,0.858,"P13_006167_0931_XN_86S092W",-86.80,261.21
1042213,0.858,"P13_006176_0935_XN_86S350W",-86.67,13.92
487657,0.857,"P13_006167_0931_XN_86S092W",-86.97,271.09
487512,0.857,"P13_006229_0951_XN_84S014W",-86.20,1.28
1040162,0.857,"P13_006123_0953_XN_84S001W",-86.80,20.37
488750,0.857,"G14_023807_0886_XN_88S313W",-88.54,38.97
487433,0.857,"P13_006229_0951_XN_84S014W",-85.90,355.69
487087,0.857,"P13_006229_0951_XN_84S014W",-85.97,351.72
1042221,0.857,"P13_006176_0935_XN_86S350W",-86.35,7.86
1042261,0.857,"P13_006176_0935_XN_86S350W",-86.05,4.70
1043513,0.857,"D14_032682_0925_XN_87S066W",-87.12,293.43
1501118,0.856,"D14_032523_0954_XN_84S045W",-84.51,312.75
487348,0.856,"P13_006229_0951_XN_84S014W",-85.85,353.89
1492695,0.856,"D14_032511_0959_XI_84S078W",-84.29,280.74
1514600,0.856,"D14_032511_0959_XI_84S078W",-84.16,283.03
487665,0.856,"P13_006167_0931_XN_86S092W",-86.72,263.44
487262,0.856,"P13_006229_0951_XN_84S014W",-85.84,352.65
1319778,0.855,"G15_023927_0932_XI_86S057W",-86.63,300.25
1319753,0.855,"G15_023927_0932_XI_86S057W",-86.84,301.71
1514598,0.855,"D14_032511_0959_XI_84S078W",-84.27,283.65
483905,0.855,"P13_005941_0947_XI_85S065W",-84.88,289.34
1040804,0.854,"D14_032510_0963_XN_83S054W",-83.86,305.47
488753,0.854,"G14_023807_0886_XN_88S313W",-88.62,32.35
1514602,0.854,"D14_032511_0959_XI_84S078W",-84.06,282.44
1039975,0.854,"G14_023794_0952_XN_84S061W",-85.17,300.51
488741,0.854,"G14_023807_0886_XN_88S313W",-88.66,35.96
1040831,0.854,"D14_032510_0963_XN_83S054W",-83.53,305.36
1040081,0.854,"P13_006123_0953_XN_84S001W",-86.61,14.84
1040168,0.854,"P13_006123_0953_XN_84S001W",-86.57,15.60
1043477,0.853,"D14_032682_0925_XN_87S066W",-87.51,294.56
1040031,0.853,"G14_023833_0926_XN_87S017W",-87.61,347.19
1501136,0.853,"D14_032523_0954_XN_84S045W",-84.66,315.21
487336,0.853,"P13_006229_0951_XN_84S014W",-86.38,1.26
1491810,0.852,"G14_023835_0906_XN_89S050W",-89.48,325.92
484027,0.852,"P13_005941_0947_XI_85S065W",-85.51,296.47
487159,0.852,"P13_006229_0951_XN_84S014W",-86.60,1.97
1040098,0.852,"P13_006123_0953_XN_84S001W",-85.83,4.53
1040340,0.852,"P13_006123_0953_XN_84S001W",-86.55,18.58
487334,0.851,"P13_006229_0951_XN_84S014W",-86.47,2.69
1320385,0.851,"P13_006005_0947_XN_85S015W",-86.71,358.68
1501152,0.851,"D14_032523_0954_XN_84S045W",-84.36,314.23
1320653,0.851,"P13_006005_0947_XN_85S015W",-86.66,4.78
1320489,0.851,"P13_006005_0947_XN_85S015W",-84.94,340.33
1040093,0.851,"P13_006123_0953_XN_84S001W",-86.07,7.14
1040179,0.851,"P13_006123_0953_XN_84S001W",-86.08,8.44
483797,0.851,"P13_005941_0947_XI_85S065W",-86.76,311.34
483812,0.851,"P13_005941_0947_XI_85S065W",-86.14,300.41
1043044,0.850,"G14_023728_0958_XI_84S057W",-84.23,303.88
1040026,0.850,"G14_023833_0926_XN_87S017W",-87.45,339.46
487600,0.850,"P13_006167_0931_XN_86S092W",-86.83,258.03
1042840,0.849,"G14_023728_0958_XI_84S057W",-84.30,301.24
487063,0.849,"P13_006229_0951_XN_84S014W",-87.00,8.83
1040053,0.849,"G14_023833_0926_XN_87S017W",-87.50,348.83
1319789,0.849,"G15_023927_0932_XI_86S057W",-86.58,300.85
1492653,0.849,"D14_032656_0959_XI_84S078W",-84.28,282.15
488707,0.848,"G14_023807_0886_XN_88S313W",-88.83,43.60
1514582,0.848,"D14_032511_0959_XI_84S078W",-84.34,282.50
1043433,0.848,"D14_032682_0925_XN_87S066W",-87.56,289.23
1492625,0.848,"D14_032656_0959_XI_84S078W",-84.26,279.84
1514592,0.847,"D14_032511_0959_XI_84S078W",-84.20,282.47
1514601,0.847,"D14_032511_0959_XI_84S078W",-84.11,282.73
488708,0.846,"G14_023807_0886_XN_88S313W",-88.87,41.05
1040840,0.846,"D14_032510_0963_XN_83S054W",-83.61,306.37
1042125,0.846,"P13_006176_0935_XN_86S350W",-86.22,1.78
1040336,0.845,"P13_006123_0953_XN_84S001W",-86.70,21.80
484070,0.845,"P13_005941_0947_XI_85S065W",-86.52,313.09
1514577,0.844,"D14_032511_0959_XI_84S078W",-84.37,281.91
1042262,0.844,"P13_006176_0935_XN_86S350W",-86.00,4.11
485480,0.844,"G14_023687_1031_XN_76S036W",-78.10,323.70
487250,0.843,"P13_006229_0951_XN_84S014W",-86.39,359.83
487593,0.841,"P13_006167_0931_XN_86S092W",-87.08,264.49
1039985,0.841,"G14_023794_0952_XN_84S061W",-84.62,297.63
1040202,0.840,"P13_006123_0953_XN_84S001W",-84.93,358.24
483863,0.840,"P13_005941_0947_XI_85S065W",-86.78,313.75
1044441,0.839,"D14_032666_0916_XN_88S350W",-88.22,7.48
487425,0.838,"P13_006229_0951_XN_84S014W",-86.25,0.59
1040822,0.836,"D14_032510_0963_XN_83S054W",-83.45,304.38
487331,0.836,"P13_006229_0951_XN_84S014W",-86.58,4.97
1039984,0.835,"G14_023794_0952_XN_84S061W",-84.68,297.89
487497,0.835,"P13_006229_0951_XN_84S014W",-86.76,13.11
1042292,0.834,"P13_006176_0935_XN_86S350W",-86.13,7.27
1040358,0.834,"P13_006123_0953_XN_84S001W",-85.76,7.18
1042298,0.834,"P13_006176_0935_XN_86S350W",-85.87,3.64
487626,0.833,"P13_006167_0931_XN_86S092W",-87.00,266.83
1042814,0.831,"G14_023728_0958_XI_84S057W",-84.44,301.17
1042199,0.831,"P13_006176_0935_XN_86S350W",-85.86,359.91
487612,0.831,"P13_006167_0931_XN_86S092W",-86.96,263.24
1320720,0.830,"P13_006005_0947_XN_85S015W",-86.64,6.27
1040533,0.830,"P13_006123_0953_XN_84S001W",-85.63,8.04
487249,0.830,"P13_006229_0951_XN_84S014W",-86.43,0.53
1320454,0.829,"P13_006005_0947_XN_85S015W",-86.62,358.64
1320457,0.828,"P13_006005_0947_XN_85S015W",-86.49,356.43
1043432,0.827,"D14_032682_0925_XN_87S066W",-87.61,289.84
1042834,0.827,"G14_023728_0958_XI_84S057W",-84.52,302.33
1040068,0.827,"G14_023833_0926_XN_87S017W",-87.31,345.11
483856,0.826,"P13_005941_0947_XI_85S065W",-83.90,283.05
1040829,0.826,"D14_032510_0963_XN_83S054W",-83.64,305.84
1040841,0.826,"D14_032510_0963_XN_83S054W",-83.56,306.13
487164,0.826,"P13_006229_0951_XN_84S014W",-86.39,358.41
488717,0.826,"G14_023807_0886_XN_88S313W",-88.74,43.93
1320450,0.825,"P13_006005_0947_XN_85S015W",-86.78,1.86
1040048,0.824,"G14_023833_0926_XN_87S017W",-87.34,341.33
1044272,0.824,"D14_032666_0916_XN_88S350W",-88.77,6.86
1042842,0.823,"G14_023728_0958_XI_84S057W",-84.24,300.98
1043512,0.823,"D14_032682_0925_XN_87S066W",-87.17,294.03
1040260,0.822,"P13_006123_0953_XN_84S001W",-86.31,12.86
1491833,0.822,"G14_023835_0906_XN_89S050W",-89.30,320.85
487071,0.822,"P13_006229_0951_XN_84S014W",-86.69,1.98
487501,0.822,"P13_006229_0951_XN_84S014W",-86.63,9.59
1040040,0.822,"G14_023833_0926_XN_87S017W",-87.28,337.45
487650,0.821,"P13_006167_0931_XN_86S092W",-86.71,261.04
487645,0.821,"P13_006167_0931_XN_86S092W",-86.88,265.54
487340,0.820,"P13_006229_0951_XN_84S014W",-86.21,358.57
487072,0.819,"P13_006229_0951_XN_84S014W",-86.65,1.22
1492657,0.819,"D14_032656_0959_XI_84S078W",-84.06,281.03
487427,0.819,"P13_006229_0951_XN_84S014W",-86.17,359.28
1040249,0.819,"P13_006123_0953_XN_84S001W",-86.75,21.10
1040254,0.819,"P13_006123_0953_XN_84S001W",-86.56,17.09
487615,0.818,"P13_006167_0931_XN_86S092W",-86.85,260.50
1320387,0.818,"P13_006005_0947_XN_85S015W",-86.62,357.14
1320603,0.818,"P13_006005_0947_XN_85S015W",-85.96,351.51
487616,0.818,"P13_006167_0931_XN_86S092W",-86.81,259.62
488719,0.817,"G14_023807_0886_XN_88S313W",-88.80,39.14
1492638,0.817,"D14_032656_0959_XI_84S078W",-84.12,279.89
1492639,0.816,"D14_032656_0959_XI_84S078W",-84.07,279.63
1492679,0.816,"D14_032656_0959_XI_84S078W",-84.00,282.15
1040337,0.816,"P13_006123_0953_XN_84S001W",-86.66,20.97
1042232,0.814,"P13_006176_0935_XN_86S350W",-85.86,1.15
1319785,0.814,"G15_023927_0932_XI_86S057W",-86.70,304.41
1040800,0.813,"D14_032510_0963_XN_83S054W",-83.50,303.32
1042256,0.813,"P13_006176_0935_XN_86S350W",-86.26,7.89
488737,0.813,"G14_023807_0886_XN_88S313W",-88.54,44.54
487613,0.813,"P13_006167_0931_XN_86S092W",-86.92,262.31
1042152,0.813,"P13_006176_0935_XN_86S350W",-86.49,7.09
1040074,0.813,"P13_006123_0953_XN_84S001W",-86.89,20.50
1043439,0.812,"D14_032682_0925_XN_87S066W",-87.22,286.04
1042233,0.812,"P13_006176_0935_XN_86S350W",-85.82,0.62
1042105,0.812,"P13_006176_0935_XN_86S350W",-87.05,17.16
1043503,0.811,"D14_032682_0925_XN_87S066W",-87.63,300.57
1040090,0.811,"P13_006123_0953_XN_84S001W",-86.22,8.86
1040342,0.811,"P13_006123_0953_XN_84S001W",-86.47,17.07
1319784,0.811,"G15_023927_0932_XI_86S057W",-86.73,305.34
488748,0.811,"G14_023807_0886_XN_88S313W",-88.48,42.96
1043486,0.811,"D14_032682_0925_XN_87S066W",-87.77,300.91
1320516,0.811,"P13_006005_0947_XN_85S015W",-86.80,4.29
487350,0.810,"P13_006229_0951_XN_84S014W",-85.76,352.85
1042117,0.810,"P13_006176_0935_XN_86S350W",-86.58,7.05
487083,0.809,"P13_006229_0951_XN_84S014W",-86.16,353.93
1042113,0.808,"P13_006176_0935_XN_86S350W",-86.75,10.10
487500,0.808,"P13_006229_0951_XN_84S014W",-86.66,10.44
1040012,0.808,"G14_023833_0926_XN_87S017W",-87.61,341.77
484134,0.808,"P13_005941_0947_XI_85S065W",-86.60,317.06
1040061,0.808,"G14_023833_0926_XN_87S017W",-87.22,340.22
1491819,0.808,"G14_023835_0906_XN_89S050W",-89.38,337.05
1501146,0.807,"D14_032523_0954_XN_84S045W",-84.68,316.16
1320405,0.807,"P13_006005_0947_XN_85S015W",-85.80,346.22
1042116,0.807,"P13_006176_0935_XN_86S350W",-86.62,7.78
1040521,0.806,"P13_006123_0953_XN_84S001W",-86.17,14.98
1042149,0.805,"P13_006176_0935_XN_86S350W",-86.62,9.29
1042188,0.805,"P13_006176_0935_XN_86S350W",-86.36,6.45
1040028,0.804,"G14_023833_0926_XN_87S017W",-87.37,337.44
1492646,0.804,"D14_032656_0959_XI_84S078W",-84.26,281.28
484178,0.804,"P13_005941_0947_XI_85S065W",-84.69,291.39
1042231,0.804,"P13_006176_0935_XN_86S350W",-85.91,1.69
487156,0.804,"P13_006229_0951_XN_84S014W",-86.72,4.32
1492686,0.803,"D14_032511_0959_XI_84S078W",-84.38,280.44
1040039,0.803,"G14_023833_0926_XN_87S017W",-87.32,338.40
484179,0.803,"P13_005941_0947_XI_85S065W",-84.64,291.03
488747,0.803,"G14_023807_0886_XN_88S313W",-88.45,44.84
1514585,0.802,"D14_032511_0959_XI_84S078W",-84.18,281.61
1320604,0.801,"P13_006005_0947_XN_85S015W",-85.92,350.95
1070701,0.801,"D14_032790_0933_XN_86S110W",-86.82,249.05
1514571,0.801,"D14_032656_0959_XI_84S078W",-84.33,282.44
1042296,0.800,"P13_006176_0935_XN_86S350W",-85.96,4.79
483907,0.800,"P13_005941_0947_XI_85S065W",-84.78,288.63
1044316,0.800,"D14_032666_0916_XN_88S350W",-88.78,11.60
1040057,0.800,"G14_023833_0926_XN_87S017W",-87.36,344.30
1040015,0.798,"G14_023833_0926_XN_87S017W",-87.50,338.47
1492637,0.798,"D14_032656_0959_XI_84S078W",-84.18,280.15
1043016,0.798,"G14_023728_0958_XI_84S057W",-84.37,303.87
1320751,0.798,"P13_006005_0947_XN_85S015W",-85.31,346.84
1320482,0.798,"P13_006005_0947_XN_85S015W",-85.31,342.94
487154,0.797,"P13_006229_0951_XN_84S014W",-86.80,5.98
1042215,0.797,"P13_006176_0935_XN_86S350W",-86.59,12.30
1044422,0.795,"D14_032666_0916_XN_88S350W",-88.49,12.46
1042258,0.794,"P13_006176_0935_XN_86S350W",-86.18,6.58
483972,0.794,"P13_005941_0947_XI_85S065W",-84.90,290.32
1040021,0.792,"G14_023833_0926_XN_87S017W",-87.63,345.08
1501157,0.792,"D14_032523_0954_XN_84S045W",-84.64,316.75
1040789,0.792,"D14_032510_0963_XN_83S054W",-83.53,302.78
487678,0.792,"P13_006167_0931_XN_86S092W",-86.80,267.71
1043488,0.790,"D14_032682_0925_XN_87S066W",-87.67,299.14
487086,0.790,"P13_006229_0951_XN_84S014W",-86.02,352.26
1040178,0.789,"P13_006123_0953_XN_84S001W",-86.13,9.02
1514566,0.789,"D14_032656_0959_XI_84S078W",-84.15,280.73
487253,0.788,"P13_006229_0951_XN_84S014W",-86.26,357.85
1042192,0.787,"P13_006176_0935_XN_86S350W",-86.18,3.88
487160,0.787,"P13_006229_0951_XN_84S014W",-86.56,1.22
487622,0.787,"P13_006167_0931_XN_86S092W",-87.12,270.99
487187,0.787,"P13_006229_0951_XN_84S014W",-85.29,346.51
484175,0.785,"P13_005941_0947_XI_85S065W",-84.84,292.52
1040257,0.784,"P13_006123_0953_XN_84S001W",-86.44,14.90
1492677,0.783,"D14_032656_0959_XI_84S078W",-84.11,282.72
1492636,0.781,"D14_032656_0959_XI_84S078W",-84.23,280.42
1042191,0.779,"P13_006176_0935_XN_86S350W",-86.23,4.50
487621,0.778,"P13_006167_0931_XN_86S092W",-87.14,272.08
487513,0.778,"P13_006229_0951_XN_84S014W",-86.16,0.62
1044329,0.777,"D14_032666_0916_XN_88S350W",-88.62,7.88
1492678,0.776,"D14_032656_0959_XI_84S078W",-84.06,282.43
487672,0.775,"P13_006167_0931_XN_86S092W",-86.96,273.69
1514591,0.773,"D14_032511_0959_XI_84S078W",-84.25,282.77
487599,0.772,"P13_006167_0931_XN_86S092W",-86.87,258.89
487169,0.771,"P13_006229_0951_XN_84S014W",-86.17,355.26
488738,0.771,"G14_023807_0886_XN_88S313W",-88.57,42.53
484082,0.769,"P13_005941_0947_XI_85S065W",-86.05,304.38
1040059,0.769,"G14_023833_0926_XN_87S017W",-87.29,342.21
1492694,0.767,"D14_032511_0959_XI_84S078W",-84.35,281.03
1040339,0.767,"P13_006123_0953_XN_84S001W",-86.59,19.36
488742,0.766,"G14_023807_0886_XN_88S313W",-88.69,33.58
484033,0.766,"P13_005941_0947_XI_85S065W",-85.22,293.74
1042159,0.766,"P13_006176_0935_XN_86S350W",-86.18,2.53
1040181,0.766,"P13_006123_0953_XN_84S001W",-85.99,7.33
1491835,0.765,"G14_023835_0906_XN_89S050W",-89.28,311.18
487084,0.765,"P13_006229_0951_XN_84S014W",-86.12,353.36
487601,0.764,"P13_006167_0931_XN_86S092W",-87.28,274.95
1042817,0.763,"G14_023728_0958_XI_84S057W",-84.33,300.65
1040341,0.763,"P13_006123_0953_XN_84S001W",-86.51,17.81
1040029,0.762,"G14_023833_0926_XN_87S017W",-87.33,336.48
1492665,0.761,"D14_032656_0959_XI_84S078W",-84.20,282.44
1042974,0.760,"G14_023728_0958_XI_84S057W",-84.38,302.38
1514578,0.759,"D14_032511_0959_XI_84S078W",-84.32,281.61
1046056,0.758,"G13_023432_1026_XI_77S262W",-78.70,101.09
487656,0.758,"P13_006167_0931_XN_86S092W",-87.00,272.12
1058252,0.758,"P13_006290_1017_XN_78S258W",-78.54,101.14
1492697,0.758,"D14_032511_0959_XI_84S078W",-84.19,280.17
1514589,0.757,"D14_032511_0959_XI_84S078W",-84.36,283.39
484109,0.757,"P13_005941_0947_XI_85S065W",-84.78,291.17
1492647,0.757,"D14_032656_0959_XI_84S078W",-84.20,281.00
487243,0.757,"P13_006229_0951_XN_84S014W",-86.67,5.05
1058604,0.755,"P13_006290_1017_XN_78S258W",-78.24,102.13
1040091,0.754,"P13_006123_0953_XN_84S001W",-86.17,8.27
1040073,0.752,"G14_023833_0926_XN_87S017W",-87.13,340.11
1058338,0.752,"P13_006290_1017_XN_78S258W",-78.58,101.54
1040183,0.752,"P13_006123_0953_XN_84S001W",-85.89,6.27
1042112,0.752,"P13_006176_0935_XN_86S350W",-86.79,10.91
1042988,0.752,"G14_023728_0958_XI_84S057W",-84.67,304.78
1070708,0.751,"D14_032790_0933_XN_86S110W",-86.73,248.90
1042128,0.751,"P13_006176_0935_XN_86S350W",-86.08,0.06
1514583,0.751,"D14_032511_0959_XI_84S078W",-84.28,282.20
1319730,0.750,"G15_023927_0932_XI_86S057W",-86.98,301.38
1501098,0.749,"D14_032523_0954_XN_84S045W",-85.02,315.01
1501137,0.749,"D14_032523_0954_XN_84S045W",-84.61,314.89
483960,0.746,"P13_005941_0947_XI_85S065W",-85.50,295.34
1070921,0.745,"G13_023432_1026_XI_77S262W",-78.76,99.50
1514593,0.744,"D14_032511_0959_XI_84S078W",-84.14,282.17
1043483,0.742,"D14_032682_0925_XN_87S066W",-87.19,290.81
1042833,0.742,"G14_023728_0958_XI_84S057W",-84.57,302.62
487634,0.742,"P13_006167_0931_XN_86S092W",-86.73,259.49
483862,0.741,"P13_005941_0947_XI_85S065W",-86.82,314.65
1320585,0.741,"P13_006005_0947_XN_85S015W",-86.71,4.11
1492676,0.739,"D14_032656_0959_XI_84S078W",-84.16,283.01
1040072,0.737,"G14_023833_0926_XN_87S017W",-87.16,341.07
1510352,0.736,"P13_005958_1030_XI_77S195W",-77.77,165.16
1040180,0.734,"P13_006123_0953_XN_84S001W",-86.03,7.88
1040422,0.733,"P13_006123_0953_XN_84S001W",-86.68,23.33
488697,0.731,"G14_023807_0886_XN_88S313W",-88.93,43.22
483860,0.729,"P13_005941_0947_XI_85S065W",-86.88,316.51
1042234,0.729,"P13_006176_0935_XN_86S350W",-85.77,0.10
1492688,0.727,"D14_032511_0959_XI_84S078W",-84.27,279.87
1514586,0.723,"D14_032511_0959_XI_84S078W",-84.12,281.32
487170,0.723,"P13_006229_0951_XN_84S014W",-86.12,354.67
488695,0.722,"G14_023807_0886_XN_88S313W",-88.86,48.31
487076,0.718,"P13_006229_0951_XN_84S014W",-86.48,358.33
1043489,0.718,"D14_032682_0925_XN_87S066W",-87.62,298.31
483930,0.717,"P13_005941_0947_XI_85S065W",-86.76,315.28
1043051,0.716,"G14_023728_0958_XI_84S057W",-83.86,302.01
1514573,0.713,"D14_032656_0959_XI_84S078W",-84.12,281.31
1039956,0.713,"G14_023794_0952_XN_84S061W",-85.07,298.17
487437,0.713,"P13_006229_0951_XN_84S014W",-85.71,353.54
1042965,0.712,"G14_023728_0958_XI_84S057W",-84.76,304.46
483808,0.709,"P13_005941_0947_XI_85S065W",-86.32,302.97
1492703,0.708,"D14_032511_0959_XI_84S078W",-84.26,281.32
487271,0.707,"P13_006229_0951_XN_84S014W",-85.40,348.42
1040203,0.707,"P13_006123_0953_XN_84S001W",-84.88,357.90
1320410,0.706,"P13_006005_0947_XN_85S015W",-85.55,343.93
1058430,0.702,"P13_006290_1017_XN_78S258W",-78.27,101.49
1510512,0.700,"D14_032733_1028_XN_77S036W",-78.08,323.85
